,raw
0,0.5
1,0.59
2,0.57
3,0.58
4,0.61
5,0.59
6,0.64
7,0.65
8,0.69
9,0.64
10,0.61
11,0.73
12,0.74
13,0.72
14,0.7
15,0.61
16,0.7
17,0.72
18,0.7
19,0.69
20,0.57
21,0.73
22,0.73
23,0.75
24,0.75
25,0.65
26,0.72
27,0.8
28,0.79
29,0.78
30,0.64
31,0.74
32,0.79
33,0.79
34,0.78
35,0.62
36,0.71
37,0.8
38,0.8
39,0.78
40,0.61
41,0.75
42,0.82
43,0.8
44,0.78
45,0.62
46,0.77
47,0.82
48,0.79
49,0.79
50,0.63
51,0.78
52,0.82
53,0.78
54,0.8
55,0.66
56,0.78
57,0.8
58,0.79
59,0.79
60,0.65
61,0.73
62,0.81
63,0.78
64,0.8
65,0.67
66,0.75
67,0.8
68,0.81
69,0.79
70,0.66
71,0.74
72,0.81
73,0.81
74,0.8
75,0.69
76,0.72
77,0.82
78,0.81
79,0.8
80,0.69
81,0.74
82,0.83
83,0.81
84,0.8
85,0.66
86,0.72
87,0.81
88,0.8
89,0.79
90,0.67
91,0.75
92,0.78
93,0.8
94,0.8
95,0.69
96,0.74
97,0.78
98,0.81
99,0.79
100,0.7
101,0.76
102,0.78
103,0.85
104,0.82
105,0.7
106,0.77
107,0.84
108,0.84
109,0.84
110,0.7
111,0.79
112,0.83
113,0.83
114,0.83
115,0.71
116,0.77
117,0.82
118,0.83
119,0.82
120,0.73
121,0.78
122,0.83
123,0.83
124,0.85
125,0.72
126,0.82
127,0.84
128,0.82
129,0.84
130,0.73
131,0.79
132,0.83
133,0.82
134,0.85
135,0.73
136,0.8
137,0.82
138,0.81
139,0.83
140,0.73
141,0.8
142,0.83
143,0.81
144,0.83
145,0.75
146,0.79
147,0.83
148,0.82
149,0.82
150,0.74
151,0.8
152,0.84
153,0.81
154,0.81
155,0.75
156,0.79
157,0.82
158,0.82
159,0.83
160,0.77
161,0.78
162,0.82
163,0.81
164,0.82
165,0.77
166,0.79
167,0.82
168,0.81
169,0.82
170,0.75
171,0.81
172,0.83
173,0.83
174,0.82
175,0.74
176,0.81
177,0.82
178,0.82
179,0.83
180,0.74
181,0.81
182,0.84
183,0.83
184,0.83
185,0.75
186,0.8
187,0.85
188,0.82
189,0.82
190,0.76
191,0.81
192,0.87
193,0.85
194,0.85
195,0.77
196,0.82
197,0.86
198,0.82
199,0.84
200,0.52
201,0.48
202,0.53
203,0.57
204,0.57
205,0.59
206,0.62
207,0.66
208,0.72
209,0.71
210,0.62
211,0.6
212,0.66
213,0.74
214,0.71
215,0.59
216,0.7
217,0.73
218,0.78
219,0.77
220,0.65
221,0.7
222,0.78
223,0.83
224,0.81
225,0.67
226,0.73
227,0.77
228,0.77
229,0.8
230,0.7
231,0.71
232,0.76
233,0.77
234,0.8
235,0.71
236,0.73
237,0.77
238,0.77
239,0.8
240,0.67
241,0.74
242,0.74
243,0.77
244,0.79
245,0.71
246,0.76
247,0.78
248,0.78
249,0.8
250,0.71
251,0.77
252,0.8
253,0.78
254,0.82
255,0.7
256,0.75
257,0.77
258,0.76
259,0.78
260,0.72
261,0.77
262,0.78
263,0.75
264,0.8
265,0.74
266,0.77
267,0.76
268,0.78
269,0.78
270,0.74
271,0.78
272,0.77
273,0.76
274,0.78
275,0.75
276,0.75
277,0.78
278,0.77
279,0.79
280,0.74
281,0.79
282,0.78
283,0.78
284,0.8
285,0.76
286,0.78
287,0.8
288,0.79
289,0.79
290,0.77
291,0.78
292,0.81
293,0.79
294,0.79
295,0.75
296,0.79
297,0.81
298,0.81
299,0.8
300,0.78
301,0.78
302,0.81
303,0.78
304,0.8
305,0.78
306,0.8
307,0.81
308,0.79
309,0.8
310,0.78
311,0.79
312,0.83
313,0.8
314,0.8
315,0.79
316,0.81
317,0.83
318,0.8
319,0.8
320,0.79
321,0.82
322,0.81
323,0.81
324,0.8
325,0.78
326,0.81
327,0.83
328,0.81
329,0.79
330,0.78
331,0.8
332,0.83
333,0.8
334,0.8
335,0.79
336,0.8
337,0.83
338,0.8
339,0.81
340,0.78
341,0.81
342,0.83
343,0.81
344,0.8
345,0.79
346,0.82
347,0.83
348,0.81
349,0.82
350,0.79
351,0.81
352,0.83
353,0.82
354,0.82
355,0.8
356,0.82
357,0.83
358,0.82
359,0.83
360,0.8
361,0.82
362,0.84
363,0.81
364,0.82
365,0.8
366,0.82
367,0.83
368,0.81
369,0.84
370,0.79
371,0.81
372,0.82
373,0.81
374,0.82
375,0.79
376,0.81
377,0.82
378,0.81
379,0.82
380,0.79
381,0.81
382,0.82
383,0.8
384,0.82
385,0.79
386,0.82
387,0.81
388,0.8
389,0.82
390,0.77
391,0.81
392,0.81
393,0.8
394,0.82
395,0.78
396,0.82
397,0.82
398,0.8
399,0.82
400,0.53
401,0.55
402,0.54
403,0.52
404,0.61
405,0.58
406,0.67
407,0.65
408,0.64
409,0.59
410,0.65
411,0.72
412,0.76
413,0.72
414,0.72
415,0.69
416,0.71
417,0.77
418,0.78
419,0.75
420,0.75
421,0.76
422,0.79
423,0.72
424,0.71
425,0.73
426,0.75
427,0.81
428,0.76
429,0.76
430,0.72
431,0.76
432,0.81
433,0.8
434,0.77
435,0.69
436,0.78
437,0.81
438,0.81
439,0.79
440,0.72
441,0.79
442,0.84
443,0.82
444,0.79
445,0.7
446,0.77
447,0.83
448,0.82
449,0.82
450,0.71
451,0.77
452,0.82
453,0.83
454,0.81
455,0.74
456,0.78
457,0.83
458,0.82
459,0.82
460,0.75
461,0.81
462,0.84
463,0.84
464,0.84
465,0.76
466,0.82
467,0.83
468,0.84
469,0.83
470,0.73
471,0.83
472,0.83
473,0.85
474,0.82
475,0.72
476,0.83
477,0.84
478,0.85
479,0.82
480,0.74
481,0.83
482,0.85
483,0.82
484,0.8
485,0.75
486,0.85
487,0.84
488,0.82
489,0.8
490,0.76
491,0.86
492,0.84
493,0.82
494,0.81
495,0.74
496,0.86
497,0.84
498,0.82
499,0.8
500,0.76
501,0.85
502,0.84
503,0.82
504,0.8
505,0.76
506,0.86
507,0.83
508,0.83
509,0.8
510,0.75
511,0.86
512,0.84
513,0.83
514,0.82
515,0.78
516,0.85
517,0.84
518,0.82
519,0.82
520,0.76
521,0.86
522,0.84
523,0.82
524,0.81
525,0.78
526,0.86
527,0.83
528,0.82
529,0.81
530,0.78
531,0.88
532,0.84
533,0.83
534,0.84
535,0.79
536,0.85
537,0.86
538,0.83
539,0.82
540,0.79
541,0.84
542,0.86
543,0.83
544,0.82
545,0.79
546,0.86
547,0.86
548,0.83
549,0.83
550,0.77
551,0.86
552,0.86
553,0.84
554,0.83
555,0.78
556,0.85
557,0.88
558,0.83
559,0.84
560,0.77
561,0.83
562,0.86
563,0.83
564,0.84
565,0.77
566,0.82
567,0.86
568,0.83
569,0.84
570,0.77
571,0.81
572,0.85
573,0.82
574,0.83
575,0.76
576,0.8
577,0.85
578,0.82
579,0.83
580,0.81
581,0.81
582,0.86
583,0.83
584,0.82
585,0.81
586,0.81
587,0.85
588,0.82
589,0.83
590,0.8
591,0.81
592,0.84
593,0.81
594,0.83
595,0.8
596,0.81
597,0.85
598,0.82
599,0.83
600,0.49
601,0.53
602,0.65
603,0.64
604,0.62
605,0.58
606,0.62
607,0.67
608,0.61
609,0.65
610,0.6
611,0.63
612,0.68
613,0.69
614,0.68
615,0.63
616,0.64
617,0.66
618,0.67
619,0.69
620,0.66
621,0.7
622,0.76
623,0.72
624,0.74
625,0.7
626,0.73
627,0.76
628,0.76
629,0.77
630,0.68
631,0.74
632,0.79
633,0.74
634,0.78
635,0.7
636,0.75
637,0.81
638,0.75
639,0.78
640,0.73
641,0.76
642,0.79
643,0.77
644,0.75
645,0.71
646,0.74
647,0.79
648,0.75
649,0.78
650,0.69
651,0.76
652,0.78
653,0.74
654,0.76
655,0.69
656,0.74
657,0.78
658,0.76
659,0.77
660,0.69
661,0.73
662,0.79
663,0.74
664,0.77
665,0.72
666,0.79
667,0.78
668,0.74
669,0.78
670,0.73
671,0.77
672,0.77
673,0.75
674,0.78
675,0.79
676,0.78
677,0.79
678,0.78
679,0.8
680,0.74
681,0.78
682,0.79
683,0.78
684,0.81
685,0.76
686,0.78
687,0.78
688,0.79
689,0.81
690,0.76
691,0.77
692,0.77
693,0.8
694,0.82
695,0.78
696,0.77
697,0.77
698,0.8
699,0.8
700,0.77
701,0.78
702,0.79
703,0.78
704,0.81
705,0.78
706,0.76
707,0.78
708,0.81
709,0.81
710,0.79
711,0.77
712,0.78
713,0.79
714,0.82
715,0.77
716,0.75
717,0.78
718,0.82
719,0.81
720,0.77
721,0.78
722,0.78
723,0.79
724,0.81
725,0.77
726,0.76
727,0.78
728,0.82
729,0.78
730,0.78
731,0.79
732,0.78
733,0.82
734,0.82
735,0.77
736,0.82
737,0.81
738,0.82
739,0.8
740,0.78
741,0.82
742,0.8
743,0.83
744,0.8
745,0.77
746,0.78
747,0.81
748,0.83
749,0.8
750,0.76
751,0.79
752,0.78
753,0.81
754,0.8
755,0.75
756,0.78
757,0.81
758,0.82
759,0.8
760,0.77
761,0.76
762,0.78
763,0.8
764,0.78
765,0.75
766,0.78
767,0.76
768,0.82
769,0.77
770,0.74
771,0.78
772,0.77
773,0.82
774,0.79
775,0.75
776,0.78
777,0.77
778,0.79
779,0.79
780,0.74
781,0.78
782,0.78
783,0.79
784,0.79
785,0.76
786,0.8
787,0.79
788,0.78
789,0.8
790,0.76
791,0.79
792,0.78
793,0.8
794,0.8
795,0.76
796,0.81
797,0.78
798,0.81
799,0.79
800,0.55
801,0.58
802,0.58
803,0.6
804,0.51
805,0.6
806,0.6
807,0.7
808,0.69
809,0.69
810,0.63
811,0.69
812,0.7
813,0.76
814,0.74
815,0.63
816,0.7
817,0.75
818,0.8
819,0.76
820,0.68
821,0.76
822,0.78
823,0.79
824,0.79
825,0.71
826,0.76
827,0.79
828,0.83
829,0.81
830,0.69
831,0.77
832,0.78
833,0.79
834,0.77
835,0.71
836,0.73
837,0.75
838,0.76
839,0.78
840,0.75
841,0.72
842,0.77
843,0.78
844,0.79
845,0.74
846,0.76
847,0.78
848,0.77
849,0.76
850,0.77
851,0.76
852,0.8
853,0.8
854,0.8
855,0.73
856,0.76
857,0.79
858,0.79
859,0.77
860,0.74
861,0.78
862,0.76
863,0.79
864,0.79
865,0.78
866,0.8
867,0.77
868,0.8
869,0.79
870,0.75
871,0.78
872,0.77
873,0.8
874,0.78
875,0.74
876,0.79
877,0.76
878,0.79
879,0.76
880,0.75
881,0.78
882,0.77
883,0.81
884,0.77
885,0.76
886,0.77
887,0.75
888,0.78
889,0.78
890,0.74
891,0.78
892,0.78
893,0.78
894,0.79
895,0.75
896,0.78
897,0.78
898,0.8
899,0.78
900,0.74
901,0.79
902,0.81
903,0.79
904,0.78
905,0.77
906,0.8
907,0.82
908,0.81
909,0.79
910,0.77
911,0.8
912,0.81
913,0.79
914,0.77
915,0.76
916,0.8
917,0.78
918,0.77
919,0.77
920,0.74
921,0.8
922,0.79
923,0.79
924,0.78
925,0.76
926,0.8
927,0.8
928,0.8
929,0.79
930,0.77
931,0.8
932,0.8
933,0.8
934,0.8
935,0.76
936,0.81
937,0.79
938,0.81
939,0.81
940,0.76
941,0.79
942,0.79
943,0.8
944,0.79
945,0.79
946,0.8
947,0.79
948,0.82
949,0.79
950,0.79
951,0.8
952,0.78
953,0.8
954,0.82
955,0.78
956,0.79
957,0.79
958,0.79
959,0.81
960,0.79
961,0.81
962,0.79
963,0.8
964,0.8
965,0.76
966,0.8
967,0.79
968,0.79
969,0.8
970,0.75
971,0.8
972,0.8
973,0.79
974,0.8
975,0.76
976,0.79
977,0.8
978,0.79
979,0.8
980,0.75
981,0.8
982,0.81
983,0.81
984,0.8
985,0.76
986,0.8
987,0.81
988,0.81
989,0.8
990,0.77
991,0.8
992,0.81
993,0.8
994,0.81
995,0.74
996,0.79
997,0.81
998,0.81
999,0.81
1000,0.56
1001,0.64
1002,0.57
1003,0.61
1004,0.63
1005,0.6
1006,0.69
1007,0.76
1008,0.74
1009,0.74
1010,0.63
1011,0.76
1012,0.78
1013,0.79
1014,0.8
1015,0.64
1016,0.78
1017,0.78
1018,0.81
1019,0.79
1020,0.7
1021,0.77
1022,0.79
1023,0.83
1024,0.84
1025,0.69
1026,0.78
1027,0.8
1028,0.83
1029,0.82
1030,0.73
1031,0.83
1032,0.84
1033,0.85
1034,0.84
1035,0.71
1036,0.84
1037,0.85
1038,0.85
1039,0.82
1040,0.7
1041,0.83
1042,0.86
1043,0.85
1044,0.84
1045,0.71
1046,0.82
1047,0.85
1048,0.85
1049,0.83
1050,0.72
1051,0.82
1052,0.84
1053,0.83
1054,0.85
1055,0.72
1056,0.85
1057,0.84
1058,0.85
1059,0.84
1060,0.77
1061,0.84
1062,0.86
1063,0.85
1064,0.84
1065,0.78
1066,0.83
1067,0.86
1068,0.86
1069,0.84
1070,0.79
1071,0.84
1072,0.89
1073,0.87
1074,0.83
1075,0.79
1076,0.84
1077,0.89
1078,0.88
1079,0.84
1080,0.78
1081,0.88
1082,0.89
1083,0.86
1084,0.84
1085,0.78
1086,0.88
1087,0.89
1088,0.88
1089,0.85
1090,0.78
1091,0.87
1092,0.88
1093,0.86
1094,0.85
1095,0.81
1096,0.84
1097,0.86
1098,0.86
1099,0.85
1100,0.82
1101,0.84
1102,0.86
1103,0.86
1104,0.87
1105,0.8
1106,0.87
1107,0.87
1108,0.86
1109,0.86
1110,0.8
1111,0.86
1112,0.87
1113,0.87
1114,0.86
1115,0.81
1116,0.87
1117,0.88
1118,0.86
1119,0.86
1120,0.83
1121,0.89
1122,0.9
1123,0.87
1124,0.89
1125,0.82
1126,0.88
1127,0.89
1128,0.88
1129,0.89
1130,0.83
1131,0.88
1132,0.89
1133,0.87
1134,0.88
1135,0.83
1136,0.88
1137,0.88
1138,0.87
1139,0.89
1140,0.82
1141,0.87
1142,0.87
1143,0.86
1144,0.87
1145,0.83
1146,0.89
1147,0.87
1148,0.86
1149,0.86
1150,0.85
1151,0.89
1152,0.87
1153,0.87
1154,0.88
1155,0.84
1156,0.88
1157,0.87
1158,0.86
1159,0.85
1160,0.83
1161,0.89
1162,0.88
1163,0.88
1164,0.87
1165,0.81
1166,0.9
1167,0.88
1168,0.9
1169,0.88
1170,0.81
1171,0.9
1172,0.86
1173,0.88
1174,0.86
1175,0.82
1176,0.9
1177,0.86
1178,0.87
1179,0.87
1180,0.82
1181,0.89
1182,0.85
1183,0.86
1184,0.86
1185,0.84
1186,0.88
1187,0.85
1188,0.87
1189,0.86
1190,0.84
1191,0.88
1192,0.86
1193,0.86
1194,0.86
1195,0.83
1196,0.87
1197,0.86
1198,0.87
1199,0.87
1200,0.51
1201,0.56
1202,0.61
1203,0.66
1204,0.61
1205,0.62
1206,0.61
1207,0.6
1208,0.67
1209,0.65
1210,0.61
1211,0.59
1212,0.65
1213,0.7
1214,0.67
1215,0.59
1216,0.63
1217,0.73
1218,0.74
1219,0.73
1220,0.61
1221,0.62
1222,0.72
1223,0.7
1224,0.74
1225,0.62
1226,0.67
1227,0.73
1228,0.75
1229,0.76
1230,0.59
1231,0.68
1232,0.69
1233,0.72
1234,0.75
1235,0.58
1236,0.64
1237,0.7
1238,0.71
1239,0.72
1240,0.6
1241,0.7
1242,0.71
1243,0.73
1244,0.71
1245,0.64
1246,0.69
1247,0.72
1248,0.73
1249,0.72
1250,0.64
1251,0.69
1252,0.72
1253,0.74
1254,0.74
1255,0.67
1256,0.71
1257,0.74
1258,0.74
1259,0.74
1260,0.72
1261,0.72
1262,0.73
1263,0.75
1264,0.73
1265,0.69
1266,0.72
1267,0.75
1268,0.76
1269,0.74
1270,0.67
1271,0.72
1272,0.75
1273,0.75
1274,0.74
1275,0.68
1276,0.69
1277,0.75
1278,0.73
1279,0.76
1280,0.66
1281,0.7
1282,0.74
1283,0.77
1284,0.77
1285,0.65
1286,0.72
1287,0.74
1288,0.77
1289,0.76
1290,0.67
1291,0.72
1292,0.74
1293,0.74
1294,0.75
1295,0.66
1296,0.73
1297,0.76
1298,0.75
1299,0.77
1300,0.69
1301,0.71
1302,0.74
1303,0.74
1304,0.76
1305,0.69
1306,0.72
1307,0.73
1308,0.75
1309,0.77
1310,0.7
1311,0.73
1312,0.74
1313,0.77
1314,0.79
1315,0.7
1316,0.74
1317,0.74
1318,0.78
1319,0.78
1320,0.69
1321,0.76
1322,0.75
1323,0.77
1324,0.77
1325,0.69
1326,0.75
1327,0.77
1328,0.77
1329,0.77
1330,0.69
1331,0.75
1332,0.76
1333,0.76
1334,0.77
1335,0.69
1336,0.74
1337,0.76
1338,0.75
1339,0.76
1340,0.68
1341,0.75
1342,0.74
1343,0.76
1344,0.76
1345,0.68
1346,0.74
1347,0.74
1348,0.76
1349,0.75
1350,0.66
1351,0.74
1352,0.75
1353,0.76
1354,0.76
1355,0.69
1356,0.74
1357,0.74
1358,0.75
1359,0.77
1360,0.68
1361,0.73
1362,0.77
1363,0.75
1364,0.76
1365,0.69
1366,0.75
1367,0.76
1368,0.75
1369,0.76
1370,0.69
1371,0.75
1372,0.78
1373,0.75
1374,0.75
1375,0.69
1376,0.75
1377,0.77
1378,0.75
1379,0.75
1380,0.67
1381,0.75
1382,0.76
1383,0.75
1384,0.73
1385,0.66
1386,0.74
1387,0.74
1388,0.75
1389,0.73
1390,0.67
1391,0.73
1392,0.75
1393,0.76
1394,0.74
1395,0.68
1396,0.72
1397,0.75
1398,0.75
1399,0.74
1400,0.53
1401,0.63
1402,0.59
1403,0.59
1404,0.53
1405,0.61
1406,0.62
1407,0.6
1408,0.67
1409,0.71
1410,0.61
1411,0.69
1412,0.7
1413,0.7
1414,0.73
1415,0.68
1416,0.69
1417,0.75
1418,0.73
1419,0.72
1420,0.63
1421,0.73
1422,0.79
1423,0.79
1424,0.78
1425,0.68
1426,0.73
1427,0.75
1428,0.74
1429,0.75
1430,0.67
1431,0.75
1432,0.74
1433,0.77
1434,0.74
1435,0.7
1436,0.75
1437,0.77
1438,0.76
1439,0.75
1440,0.72
1441,0.77
1442,0.82
1443,0.77
1444,0.76
1445,0.7
1446,0.78
1447,0.77
1448,0.79
1449,0.76
1450,0.7
1451,0.77
1452,0.76
1453,0.78
1454,0.75
1455,0.74
1456,0.75
1457,0.79
1458,0.8
1459,0.76
1460,0.7
1461,0.8
1462,0.78
1463,0.8
1464,0.79
1465,0.74
1466,0.79
1467,0.78
1468,0.79
1469,0.77
1470,0.77
1471,0.8
1472,0.81
1473,0.81
1474,0.79
1475,0.79
1476,0.81
1477,0.79
1478,0.82
1479,0.78
1480,0.79
1481,0.82
1482,0.81
1483,0.79
1484,0.78
1485,0.77
1486,0.82
1487,0.8
1488,0.82
1489,0.79
1490,0.79
1491,0.85
1492,0.82
1493,0.83
1494,0.79
1495,0.78
1496,0.82
1497,0.78
1498,0.82
1499,0.79
1500,0.79
1501,0.81
1502,0.8
1503,0.85
1504,0.81
1505,0.76
1506,0.79
1507,0.83
1508,0.84
1509,0.83
1510,0.77
1511,0.81
1512,0.81
1513,0.85
1514,0.84
1515,0.79
1516,0.81
1517,0.78
1518,0.86
1519,0.82
1520,0.83
1521,0.83
1522,0.81
1523,0.86
1524,0.84
1525,0.83
1526,0.81
1527,0.81
1528,0.84
1529,0.83
1530,0.83
1531,0.81
1532,0.81
1533,0.83
1534,0.86
1535,0.84
1536,0.82
1537,0.81
1538,0.85
1539,0.85
1540,0.85
1541,0.82
1542,0.83
1543,0.85
1544,0.85
1545,0.84
1546,0.82
1547,0.82
1548,0.85
1549,0.85
1550,0.83
1551,0.85
1552,0.82
1553,0.86
1554,0.87
1555,0.83
1556,0.84
1557,0.85
1558,0.84
1559,0.85
1560,0.84
1561,0.82
1562,0.84
1563,0.84
1564,0.85
1565,0.84
1566,0.82
1567,0.86
1568,0.85
1569,0.86
1570,0.86
1571,0.82
1572,0.87
1573,0.86
1574,0.86
1575,0.84
1576,0.83
1577,0.86
1578,0.87
1579,0.86
1580,0.81
1581,0.83
1582,0.86
1583,0.85
1584,0.88
1585,0.81
1586,0.84
1587,0.86
1588,0.87
1589,0.86
1590,0.8
1591,0.86
1592,0.87
1593,0.86
1594,0.86
1595,0.82
1596,0.85
1597,0.87
1598,0.85
1599,0.85
1600,0.55
1601,0.53
1602,0.56
1603,0.51
1604,0.56
1605,0.6
1606,0.56
1607,0.65
1608,0.62
1609,0.68
1610,0.61
1611,0.59
1612,0.63
1613,0.72
1614,0.72
1615,0.68
1616,0.69
1617,0.75
1618,0.75
1619,0.78
1620,0.7
1621,0.74
1622,0.74
1623,0.77
1624,0.81
1625,0.73
1626,0.72
1627,0.73
1628,0.74
1629,0.79
1630,0.74
1631,0.75
1632,0.73
1633,0.75
1634,0.78
1635,0.69
1636,0.73
1637,0.72
1638,0.77
1639,0.77
1640,0.71
1641,0.77
1642,0.73
1643,0.75
1644,0.75
1645,0.7
1646,0.78
1647,0.77
1648,0.75
1649,0.77
1650,0.68
1651,0.76
1652,0.75
1653,0.78
1654,0.77
1655,0.71
1656,0.75
1657,0.75
1658,0.75
1659,0.77
1660,0.73
1661,0.76
1662,0.76
1663,0.75
1664,0.79
1665,0.72
1666,0.78
1667,0.79
1668,0.78
1669,0.79
1670,0.77
1671,0.79
1672,0.78
1673,0.81
1674,0.78
1675,0.77
1676,0.78
1677,0.79
1678,0.79
1679,0.78
1680,0.75
1681,0.8
1682,0.8
1683,0.82
1684,0.8
1685,0.75
1686,0.81
1687,0.81
1688,0.82
1689,0.81
1690,0.75
1691,0.81
1692,0.81
1693,0.82
1694,0.8
1695,0.79
1696,0.78
1697,0.81
1698,0.82
1699,0.8
1700,0.8
1701,0.78
1702,0.83
1703,0.82
1704,0.82
1705,0.78
1706,0.78
1707,0.82
1708,0.82
1709,0.82
1710,0.78
1711,0.79
1712,0.83
1713,0.84
1714,0.84
1715,0.79
1716,0.82
1717,0.82
1718,0.83
1719,0.85
1720,0.77
1721,0.83
1722,0.84
1723,0.83
1724,0.84
1725,0.8
1726,0.82
1727,0.84
1728,0.82
1729,0.84
1730,0.81
1731,0.81
1732,0.83
1733,0.83
1734,0.84
1735,0.8
1736,0.82
1737,0.84
1738,0.83
1739,0.84
1740,0.78
1741,0.82
1742,0.84
1743,0.82
1744,0.83
1745,0.78
1746,0.82
1747,0.85
1748,0.82
1749,0.83
1750,0.78
1751,0.83
1752,0.85
1753,0.83
1754,0.85
1755,0.79
1756,0.83
1757,0.84
1758,0.83
1759,0.83
1760,0.77
1761,0.83
1762,0.85
1763,0.83
1764,0.83
1765,0.77
1766,0.83
1767,0.85
1768,0.85
1769,0.84
1770,0.76
1771,0.82
1772,0.85
1773,0.85
1774,0.83
1775,0.78
1776,0.81
1777,0.85
1778,0.85
1779,0.83
1780,0.78
1781,0.82
1782,0.85
1783,0.85
1784,0.84
1785,0.78
1786,0.81
1787,0.85
1788,0.85
1789,0.84
1790,0.77
1791,0.82
1792,0.85
1793,0.86
1794,0.85
1795,0.77
1796,0.81
1797,0.85
1798,0.85
1799,0.84
1800,0.53
1801,0.52
1802,0.56
1803,0.57
1804,0.58
1805,0.61
1806,0.62
1807,0.63
1808,0.66
1809,0.64
1810,0.69
1811,0.72
1812,0.75
1813,0.75
1814,0.73
1815,0.68
1816,0.7
1817,0.76
1818,0.75
1819,0.75
1820,0.71
1821,0.73
1822,0.76
1823,0.81
1824,0.78
1825,0.75
1826,0.78
1827,0.74
1828,0.78
1829,0.75
1830,0.79
1831,0.8
1832,0.79
1833,0.79
1834,0.78
1835,0.83
1836,0.76
1837,0.77
1838,0.82
1839,0.81
1840,0.8
1841,0.77
1842,0.79
1843,0.81
1844,0.83
1845,0.81
1846,0.78
1847,0.78
1848,0.82
1849,0.8
1850,0.84
1851,0.79
1852,0.79
1853,0.82
1854,0.82
1855,0.79
1856,0.8
1857,0.8
1858,0.81
1859,0.78
1860,0.79
1861,0.81
1862,0.82
1863,0.81
1864,0.8
1865,0.81
1866,0.81
1867,0.82
1868,0.82
1869,0.82
1870,0.82
1871,0.84
1872,0.82
1873,0.82
1874,0.8
1875,0.82
1876,0.84
1877,0.83
1878,0.84
1879,0.83
1880,0.83
1881,0.86
1882,0.84
1883,0.83
1884,0.85
1885,0.83
1886,0.86
1887,0.83
1888,0.81
1889,0.83
1890,0.82
1891,0.86
1892,0.82
1893,0.82
1894,0.83
1895,0.82
1896,0.85
1897,0.83
1898,0.82
1899,0.83
1900,0.82
1901,0.85
1902,0.84
1903,0.85
1904,0.84
1905,0.84
1906,0.86
1907,0.87
1908,0.85
1909,0.84
1910,0.83
1911,0.86
1912,0.86
1913,0.87
1914,0.84
1915,0.84
1916,0.86
1917,0.86
1918,0.86
1919,0.84
1920,0.86
1921,0.89
1922,0.86
1923,0.88
1924,0.85
1925,0.85
1926,0.89
1927,0.86
1928,0.88
1929,0.86
1930,0.85
1931,0.88
1932,0.86
1933,0.87
1934,0.86
1935,0.86
1936,0.88
1937,0.85
1938,0.86
1939,0.86
1940,0.86
1941,0.87
1942,0.86
1943,0.86
1944,0.86
1945,0.85
1946,0.86
1947,0.85
1948,0.85
1949,0.86
1950,0.86
1951,0.86
1952,0.86
1953,0.86
1954,0.85
1955,0.87
1956,0.86
1957,0.85
1958,0.87
1959,0.85
1960,0.87
1961,0.86
1962,0.85
1963,0.87
1964,0.85
1965,0.87
1966,0.85
1967,0.85
1968,0.87
1969,0.85
1970,0.87
1971,0.85
1972,0.84
1973,0.86
1974,0.85
1975,0.87
1976,0.85
1977,0.85
1978,0.87
1979,0.86
1980,0.87
1981,0.86
1982,0.86
1983,0.88
1984,0.85
1985,0.88
1986,0.86
1987,0.86
1988,0.88
1989,0.86
1990,0.88
1991,0.86
1992,0.85
1993,0.86
1994,0.86
1995,0.89
1996,0.86
1997,0.85
1998,0.86
1999,0.85
2000,0.49
2001,0.54
2002,0.64
2003,0.62
2004,0.59
2005,0.67
2006,0.66
2007,0.71
2008,0.67
2009,0.69
2010,0.61
2011,0.69
2012,0.72
2013,0.71
2014,0.74
2015,0.66
2016,0.69
2017,0.76
2018,0.72
2019,0.73
2020,0.68
2021,0.71
2022,0.75
2023,0.74
2024,0.76
2025,0.67
2026,0.73
2027,0.73
2028,0.73
2029,0.72
2030,0.71
2031,0.75
2032,0.73
2033,0.76
2034,0.76
2035,0.66
2036,0.73
2037,0.75
2038,0.8
2039,0.77
2040,0.73
2041,0.74
2042,0.76
2043,0.79
2044,0.79
2045,0.72
2046,0.74
2047,0.74
2048,0.79
2049,0.76
2050,0.71
2051,0.75
2052,0.79
2053,0.81
2054,0.79
2055,0.67
2056,0.8
2057,0.79
2058,0.79
2059,0.78
2060,0.72
2061,0.79
2062,0.8
2063,0.8
2064,0.79
2065,0.74
2066,0.79
2067,0.8
2068,0.79
2069,0.8
2070,0.78
2071,0.79
2072,0.81
2073,0.79
2074,0.79
2075,0.73
2076,0.79
2077,0.81
2078,0.79
2079,0.79
2080,0.75
2081,0.79
2082,0.8
2083,0.8
2084,0.81
2085,0.77
2086,0.84
2087,0.82
2088,0.8
2089,0.81
2090,0.77
2091,0.83
2092,0.82
2093,0.8
2094,0.81
2095,0.8
2096,0.82
2097,0.81
2098,0.82
2099,0.8
2100,0.78
2101,0.81
2102,0.81
2103,0.81
2104,0.8
2105,0.79
2106,0.81
2107,0.8
2108,0.81
2109,0.81
2110,0.79
2111,0.82
2112,0.81
2113,0.82
2114,0.81
2115,0.8
2116,0.83
2117,0.79
2118,0.82
2119,0.82
2120,0.79
2121,0.81
2122,0.78
2123,0.82
2124,0.81
2125,0.78
2126,0.81
2127,0.79
2128,0.81
2129,0.79
2130,0.8
2131,0.81
2132,0.8
2133,0.82
2134,0.81
2135,0.8
2136,0.83
2137,0.81
2138,0.87
2139,0.84
2140,0.77
2141,0.84
2142,0.8
2143,0.85
2144,0.82
2145,0.76
2146,0.83
2147,0.79
2148,0.85
2149,0.81
2150,0.77
2151,0.83
2152,0.8
2153,0.85
2154,0.81
2155,0.78
2156,0.83
2157,0.81
2158,0.84
2159,0.83
2160,0.78
2161,0.82
2162,0.82
2163,0.85
2164,0.81
2165,0.75
2166,0.82
2167,0.81
2168,0.84
2169,0.81
2170,0.75
2171,0.83
2172,0.8
2173,0.85
2174,0.83
2175,0.75
2176,0.83
2177,0.8
2178,0.85
2179,0.83
2180,0.75
2181,0.83
2182,0.8
2183,0.83
2184,0.82
2185,0.74
2186,0.84
2187,0.82
2188,0.83
2189,0.82
2190,0.75
2191,0.85
2192,0.82
2193,0.83
2194,0.82
2195,0.74
2196,0.84
2197,0.81
2198,0.85
2199,0.83
2200,0.53
2201,0.66
2202,0.55
2203,0.58
2204,0.7
2205,0.6
2206,0.74
2207,0.65
2208,0.73
2209,0.78
2210,0.6
2211,0.72
2212,0.71
2213,0.7
2214,0.75
2215,0.65
2216,0.75
2217,0.76
2218,0.76
2219,0.75
2220,0.66
2221,0.76
2222,0.76
2223,0.77
2224,0.75
2225,0.66
2226,0.77
2227,0.77
2228,0.77
2229,0.74
2230,0.6
2231,0.74
2232,0.79
2233,0.8
2234,0.78
2235,0.58
2236,0.72
2237,0.74
2238,0.81
2239,0.78
2240,0.58
2241,0.74
2242,0.75
2243,0.79
2244,0.76
2245,0.6
2246,0.78
2247,0.79
2248,0.8
2249,0.77
2250,0.65
2251,0.77
2252,0.78
2253,0.81
2254,0.79
2255,0.64
2256,0.75
2257,0.79
2258,0.82
2259,0.78
2260,0.66
2261,0.79
2262,0.77
2263,0.84
2264,0.8
2265,0.68
2266,0.78
2267,0.78
2268,0.86
2269,0.81
2270,0.67
2271,0.79
2272,0.77
2273,0.82
2274,0.79
2275,0.66
2276,0.8
2277,0.79
2278,0.81
2279,0.8
2280,0.68
2281,0.79
2282,0.8
2283,0.84
2284,0.8
2285,0.68
2286,0.78
2287,0.8
2288,0.8
2289,0.79
2290,0.69
2291,0.78
2292,0.81
2293,0.79
2294,0.8
2295,0.67
2296,0.75
2297,0.81
2298,0.79
2299,0.79
2300,0.65
2301,0.74
2302,0.81
2303,0.79
2304,0.81
2305,0.67
2306,0.76
2307,0.81
2308,0.79
2309,0.82
2310,0.65
2311,0.76
2312,0.79
2313,0.79
2314,0.81
2315,0.66
2316,0.76
2317,0.8
2318,0.81
2319,0.8
2320,0.68
2321,0.76
2322,0.8
2323,0.8
2324,0.8
2325,0.69
2326,0.75
2327,0.82
2328,0.81
2329,0.83
2330,0.69
2331,0.76
2332,0.82
2333,0.81
2334,0.81
2335,0.67
2336,0.75
2337,0.81
2338,0.82
2339,0.81
2340,0.69
2341,0.76
2342,0.8
2343,0.8
2344,0.8
2345,0.7
2346,0.75
2347,0.8
2348,0.79
2349,0.8
2350,0.68
2351,0.75
2352,0.8
2353,0.79
2354,0.81
2355,0.66
2356,0.75
2357,0.79
2358,0.79
2359,0.8
2360,0.67
2361,0.76
2362,0.79
2363,0.78
2364,0.79
2365,0.68
2366,0.76
2367,0.8
2368,0.78
2369,0.79
2370,0.67
2371,0.76
2372,0.81
2373,0.79
2374,0.8
2375,0.67
2376,0.76
2377,0.81
2378,0.79
2379,0.79
2380,0.68
2381,0.75
2382,0.82
2383,0.79
2384,0.8
2385,0.68
2386,0.75
2387,0.81
2388,0.8
2389,0.79
2390,0.68
2391,0.75
2392,0.83
2393,0.79
2394,0.79
2395,0.69
2396,0.75
2397,0.82
2398,0.79
2399,0.79
2400,0.62
2401,0.52
2402,0.54
2403,0.54
2404,0.53
2405,0.65
2406,0.65
2407,0.67
2408,0.69
2409,0.66
2410,0.62
2411,0.72
2412,0.71
2413,0.72
2414,0.69
2415,0.57
2416,0.66
2417,0.65
2418,0.71
2419,0.7
2420,0.69
2421,0.71
2422,0.69
2423,0.72
2424,0.74
2425,0.71
2426,0.79
2427,0.73
2428,0.76
2429,0.8
2430,0.71
2431,0.81
2432,0.78
2433,0.77
2434,0.8
2435,0.73
2436,0.8
2437,0.82
2438,0.76
2439,0.82
2440,0.77
2441,0.83
2442,0.85
2443,0.79
2444,0.85
2445,0.75
2446,0.82
2447,0.84
2448,0.81
2449,0.83
2450,0.72
2451,0.83
2452,0.8
2453,0.79
2454,0.84
2455,0.75
2456,0.85
2457,0.82
2458,0.77
2459,0.85
2460,0.76
2461,0.85
2462,0.83
2463,0.76
2464,0.85
2465,0.8
2466,0.87
2467,0.87
2468,0.82
2469,0.87
2470,0.83
2471,0.87
2472,0.85
2473,0.78
2474,0.87
2475,0.82
2476,0.84
2477,0.86
2478,0.81
2479,0.89
2480,0.83
2481,0.85
2482,0.86
2483,0.82
2484,0.88
2485,0.82
2486,0.85
2487,0.86
2488,0.83
2489,0.88
2490,0.8
2491,0.85
2492,0.86
2493,0.83
2494,0.86
2495,0.82
2496,0.84
2497,0.85
2498,0.83
2499,0.87
2500,0.82
2501,0.83
2502,0.85
2503,0.81
2504,0.87
2505,0.82
2506,0.85
2507,0.86
2508,0.85
2509,0.88
2510,0.83
2511,0.85
2512,0.86
2513,0.86
2514,0.88
2515,0.82
2516,0.87
2517,0.88
2518,0.84
2519,0.88
2520,0.83
2521,0.88
2522,0.87
2523,0.84
2524,0.87
2525,0.81
2526,0.85
2527,0.88
2528,0.84
2529,0.87
2530,0.82
2531,0.85
2532,0.87
2533,0.84
2534,0.87
2535,0.82
2536,0.85
2537,0.87
2538,0.84
2539,0.88
2540,0.81
2541,0.87
2542,0.88
2543,0.84
2544,0.87
2545,0.81
2546,0.86
2547,0.87
2548,0.84
2549,0.87
2550,0.82
2551,0.88
2552,0.87
2553,0.84
2554,0.87
2555,0.85
2556,0.9
2557,0.87
2558,0.85
2559,0.89
2560,0.83
2561,0.9
2562,0.88
2563,0.86
2564,0.87
2565,0.83
2566,0.9
2567,0.89
2568,0.84
2569,0.87
2570,0.83
2571,0.9
2572,0.89
2573,0.84
2574,0.88
2575,0.84
2576,0.89
2577,0.89
2578,0.85
2579,0.9
2580,0.85
2581,0.88
2582,0.88
2583,0.86
2584,0.9
2585,0.85
2586,0.89
2587,0.9
2588,0.84
2589,0.9
2590,0.85
2591,0.88
2592,0.89
2593,0.85
2594,0.9
2595,0.85
2596,0.89
2597,0.89
2598,0.85
2599,0.9
2600,0.53
2601,0.61
2602,0.62
2603,0.65
2604,0.67
2605,0.61
2606,0.67
2607,0.63
2608,0.67
2609,0.65
2610,0.56
2611,0.74
2612,0.74
2613,0.73
2614,0.74
2615,0.61
2616,0.69
2617,0.73
2618,0.69
2619,0.68
2620,0.64
2621,0.71
2622,0.7
2623,0.72
2624,0.75
2625,0.68
2626,0.72
2627,0.69
2628,0.74
2629,0.74
2630,0.7
2631,0.69
2632,0.72
2633,0.74
2634,0.76
2635,0.67
2636,0.66
2637,0.74
2638,0.75
2639,0.73
2640,0.67
2641,0.68
2642,0.76
2643,0.75
2644,0.7
2645,0.68
2646,0.68
2647,0.8
2648,0.77
2649,0.78
2650,0.67
2651,0.69
2652,0.79
2653,0.76
2654,0.76
2655,0.72
2656,0.72
2657,0.79
2658,0.78
2659,0.76
2660,0.7
2661,0.74
2662,0.77
2663,0.76
2664,0.77
2665,0.7
2666,0.71
2667,0.78
2668,0.74
2669,0.78
2670,0.66
2671,0.73
2672,0.75
2673,0.77
2674,0.8
2675,0.69
2676,0.71
2677,0.74
2678,0.8
2679,0.81
2680,0.75
2681,0.76
2682,0.79
2683,0.81
2684,0.83
2685,0.75
2686,0.78
2687,0.79
2688,0.81
2689,0.83
2690,0.73
2691,0.76
2692,0.8
2693,0.81
2694,0.8
2695,0.72
2696,0.76
2697,0.79
2698,0.8
2699,0.8
2700,0.75
2701,0.77
2702,0.81
2703,0.79
2704,0.8
2705,0.7
2706,0.77
2707,0.81
2708,0.8
2709,0.82
2710,0.73
2711,0.76
2712,0.8
2713,0.8
2714,0.79
2715,0.73
2716,0.75
2717,0.79
2718,0.79
2719,0.79
2720,0.75
2721,0.76
2722,0.79
2723,0.79
2724,0.78
2725,0.71
2726,0.76
2727,0.79
2728,0.78
2729,0.79
2730,0.69
2731,0.75
2732,0.78
2733,0.77
2734,0.79
2735,0.73
2736,0.76
2737,0.77
2738,0.79
2739,0.79
2740,0.72
2741,0.74
2742,0.79
2743,0.77
2744,0.8
2745,0.75
2746,0.75
2747,0.79
2748,0.78
2749,0.79
2750,0.72
2751,0.76
2752,0.8
2753,0.77
2754,0.8
2755,0.69
2756,0.76
2757,0.8
2758,0.78
2759,0.79
2760,0.71
2761,0.75
2762,0.77
2763,0.78
2764,0.77
2765,0.71
2766,0.76
2767,0.79
2768,0.79
2769,0.78
2770,0.69
2771,0.77
2772,0.77
2773,0.77
2774,0.77
2775,0.7
2776,0.75
2777,0.78
2778,0.77
2779,0.78
2780,0.7
2781,0.75
2782,0.78
2783,0.78
2784,0.79
2785,0.72
2786,0.76
2787,0.78
2788,0.78
2789,0.78
2790,0.71
2791,0.75
2792,0.79
2793,0.75
2794,0.78
2795,0.72
2796,0.75
2797,0.79
2798,0.76
2799,0.79
2800,0.55
2801,0.6
2802,0.65
2803,0.64
2804,0.62
2805,0.53
2806,0.58
2807,0.69
2808,0.71
2809,0.68
2810,0.65
2811,0.67
2812,0.7
2813,0.76
2814,0.74
2815,0.55
2816,0.62
2817,0.66
2818,0.72
2819,0.68
2820,0.61
2821,0.71
2822,0.73
2823,0.75
2824,0.77
2825,0.65
2826,0.74
2827,0.71
2828,0.76
2829,0.76
2830,0.67
2831,0.73
2832,0.74
2833,0.8
2834,0.75
2835,0.71
2836,0.72
2837,0.74
2838,0.79
2839,0.77
2840,0.69
2841,0.74
2842,0.74
2843,0.8
2844,0.79
2845,0.69
2846,0.72
2847,0.76
2848,0.82
2849,0.75
2850,0.73
2851,0.76
2852,0.76
2853,0.83
2854,0.79
2855,0.74
2856,0.76
2857,0.8
2858,0.87
2859,0.82
2860,0.73
2861,0.74
2862,0.79
2863,0.88
2864,0.81
2865,0.75
2866,0.78
2867,0.8
2868,0.87
2869,0.83
2870,0.71
2871,0.81
2872,0.79
2873,0.85
2874,0.79
2875,0.72
2876,0.8
2877,0.81
2878,0.87
2879,0.81
2880,0.72
2881,0.81
2882,0.82
2883,0.88
2884,0.82
2885,0.74
2886,0.8
2887,0.83
2888,0.86
2889,0.84
2890,0.72
2891,0.82
2892,0.85
2893,0.88
2894,0.84
2895,0.73
2896,0.82
2897,0.84
2898,0.86
2899,0.81
2900,0.74
2901,0.82
2902,0.85
2903,0.86
2904,0.85
2905,0.73
2906,0.82
2907,0.85
2908,0.87
2909,0.84
2910,0.74
2911,0.8
2912,0.83
2913,0.84
2914,0.83
2915,0.72
2916,0.82
2917,0.83
2918,0.83
2919,0.83
2920,0.72
2921,0.82
2922,0.85
2923,0.87
2924,0.84
2925,0.75
2926,0.81
2927,0.85
2928,0.87
2929,0.84
2930,0.75
2931,0.81
2932,0.86
2933,0.86
2934,0.84
2935,0.77
2936,0.84
2937,0.85
2938,0.86
2939,0.84
2940,0.77
2941,0.83
2942,0.86
2943,0.87
2944,0.84
2945,0.76
2946,0.84
2947,0.86
2948,0.86
2949,0.86
2950,0.75
2951,0.85
2952,0.86
2953,0.87
2954,0.85
2955,0.78
2956,0.83
2957,0.86
2958,0.88
2959,0.87
2960,0.78
2961,0.84
2962,0.85
2963,0.87
2964,0.86
2965,0.78
2966,0.85
2967,0.85
2968,0.88
2969,0.85
2970,0.79
2971,0.86
2972,0.87
2973,0.87
2974,0.86
2975,0.79
2976,0.84
2977,0.85
2978,0.88
2979,0.87
2980,0.81
2981,0.85
2982,0.85
2983,0.88
2984,0.85
2985,0.79
2986,0.82
2987,0.84
2988,0.87
2989,0.84
2990,0.8
2991,0.87
2992,0.84
2993,0.87
2994,0.84
2995,0.79
2996,0.84
2997,0.84
2998,0.87
2999,0.84
3000,0.67
3001,0.61
3002,0.58
3003,0.54
3004,0.61
3005,0.69
3006,0.65
3007,0.73
3008,0.73
3009,0.75
3010,0.66
3011,0.68
3012,0.72
3013,0.71
3014,0.79
3015,0.67
3016,0.75
3017,0.82
3018,0.76
3019,0.84
3020,0.72
3021,0.77
3022,0.8
3023,0.77
3024,0.8
3025,0.75
3026,0.8
3027,0.77
3028,0.77
3029,0.78
3030,0.77
3031,0.81
3032,0.79
3033,0.77
3034,0.81
3035,0.75
3036,0.81
3037,0.78
3038,0.79
3039,0.84
3040,0.78
3041,0.8
3042,0.81
3043,0.82
3044,0.82
3045,0.78
3046,0.82
3047,0.81
3048,0.8
3049,0.84
3050,0.78
3051,0.8
3052,0.81
3053,0.81
3054,0.82
3055,0.8
3056,0.82
3057,0.8
3058,0.81
3059,0.81
3060,0.74
3061,0.83
3062,0.81
3063,0.79
3064,0.83
3065,0.78
3066,0.82
3067,0.82
3068,0.79
3069,0.83
3070,0.79
3071,0.8
3072,0.83
3073,0.82
3074,0.82
3075,0.74
3076,0.79
3077,0.83
3078,0.82
3079,0.82
3080,0.8
3081,0.85
3082,0.83
3083,0.84
3084,0.84
3085,0.82
3086,0.81
3087,0.84
3088,0.84
3089,0.84
3090,0.79
3091,0.82
3092,0.83
3093,0.83
3094,0.84
3095,0.81
3096,0.82
3097,0.84
3098,0.82
3099,0.84
3100,0.82
3101,0.82
3102,0.82
3103,0.82
3104,0.84
3105,0.82
3106,0.8
3107,0.82
3108,0.85
3109,0.82
3110,0.82
3111,0.79
3112,0.82
3113,0.83
3114,0.83
3115,0.81
3116,0.79
3117,0.82
3118,0.83
3119,0.83
3120,0.8
3121,0.81
3122,0.82
3123,0.83
3124,0.83
3125,0.8
3126,0.81
3127,0.84
3128,0.83
3129,0.84
3130,0.79
3131,0.84
3132,0.81
3133,0.84
3134,0.83
3135,0.79
3136,0.84
3137,0.83
3138,0.83
3139,0.83
3140,0.78
3141,0.84
3142,0.83
3143,0.83
3144,0.82
3145,0.79
3146,0.85
3147,0.82
3148,0.84
3149,0.83
3150,0.79
3151,0.84
3152,0.84
3153,0.84
3154,0.83
3155,0.78
3156,0.83
3157,0.84
3158,0.84
3159,0.84
3160,0.77
3161,0.84
3162,0.83
3163,0.84
3164,0.85
3165,0.8
3166,0.84
3167,0.83
3168,0.84
3169,0.84
3170,0.81
3171,0.84
3172,0.84
3173,0.85
3174,0.84
3175,0.8
3176,0.83
3177,0.84
3178,0.84
3179,0.85
3180,0.79
3181,0.82
3182,0.83
3183,0.83
3184,0.85
3185,0.8
3186,0.83
3187,0.83
3188,0.85
3189,0.85
3190,0.79
3191,0.83
3192,0.84
3193,0.85
3194,0.85
3195,0.79
3196,0.88
3197,0.85
3198,0.85
3199,0.85
3200,0.53
3201,0.48
3202,0.5
3203,0.53
3204,0.5
3205,0.53
3206,0.73
3207,0.67
3208,0.69
3209,0.71
3210,0.61
3211,0.68
3212,0.73
3213,0.67
3214,0.77
3215,0.59
3216,0.68
3217,0.78
3218,0.72
3219,0.79
3220,0.63
3221,0.78
3222,0.77
3223,0.77
3224,0.76
3225,0.7
3226,0.74
3227,0.81
3228,0.79
3229,0.77
3230,0.71
3231,0.75
3232,0.76
3233,0.8
3234,0.77
3235,0.67
3236,0.75
3237,0.8
3238,0.8
3239,0.79
3240,0.68
3241,0.8
3242,0.78
3243,0.78
3244,0.8
3245,0.73
3246,0.82
3247,0.81
3248,0.79
3249,0.79
3250,0.74
3251,0.79
3252,0.8
3253,0.79
3254,0.79
3255,0.75
3256,0.79
3257,0.83
3258,0.82
3259,0.82
3260,0.73
3261,0.81
3262,0.81
3263,0.82
3264,0.82
3265,0.73
3266,0.8
3267,0.81
3268,0.81
3269,0.82
3270,0.73
3271,0.82
3272,0.83
3273,0.82
3274,0.81
3275,0.73
3276,0.81
3277,0.82
3278,0.82
3279,0.81
3280,0.75
3281,0.82
3282,0.84
3283,0.83
3284,0.82
3285,0.75
3286,0.81
3287,0.84
3288,0.85
3289,0.81
3290,0.76
3291,0.82
3292,0.83
3293,0.86
3294,0.82
3295,0.76
3296,0.82
3297,0.82
3298,0.84
3299,0.84
3300,0.74
3301,0.82
3302,0.83
3303,0.82
3304,0.83
3305,0.75
3306,0.83
3307,0.82
3308,0.84
3309,0.82
3310,0.73
3311,0.83
3312,0.82
3313,0.83
3314,0.83
3315,0.75
3316,0.83
3317,0.83
3318,0.83
3319,0.82
3320,0.74
3321,0.83
3322,0.84
3323,0.83
3324,0.82
3325,0.73
3326,0.82
3327,0.83
3328,0.83
3329,0.83
3330,0.74
3331,0.82
3332,0.84
3333,0.84
3334,0.82
3335,0.76
3336,0.82
3337,0.85
3338,0.83
3339,0.84
3340,0.74
3341,0.82
3342,0.85
3343,0.82
3344,0.84
3345,0.75
3346,0.81
3347,0.83
3348,0.83
3349,0.84
3350,0.74
3351,0.8
3352,0.81
3353,0.83
3354,0.82
3355,0.74
3356,0.81
3357,0.81
3358,0.83
3359,0.83
3360,0.76
3361,0.82
3362,0.81
3363,0.83
3364,0.82
3365,0.75
3366,0.82
3367,0.81
3368,0.84
3369,0.83
3370,0.76
3371,0.82
3372,0.82
3373,0.83
3374,0.83
3375,0.75
3376,0.81
3377,0.82
3378,0.82
3379,0.83
3380,0.75
3381,0.81
3382,0.82
3383,0.83
3384,0.83
3385,0.76
3386,0.81
3387,0.82
3388,0.84
3389,0.83
3390,0.78
3391,0.82
3392,0.82
3393,0.82
3394,0.84
3395,0.78
3396,0.81
3397,0.82
3398,0.83
3399,0.83
3400,0.48
3401,0.52
3402,0.52
3403,0.6
3404,0.55
3405,0.57
3406,0.61
3407,0.64
3408,0.6
3409,0.62
3410,0.6
3411,0.59
3412,0.66
3413,0.64
3414,0.66
3415,0.62
3416,0.59
3417,0.65
3418,0.6
3419,0.61
3420,0.71
3421,0.63
3422,0.69
3423,0.71
3424,0.7
3425,0.76
3426,0.69
3427,0.68
3428,0.73
3429,0.75
3430,0.74
3431,0.77
3432,0.71
3433,0.75
3434,0.76
3435,0.74
3436,0.76
3437,0.74
3438,0.73
3439,0.75
3440,0.72
3441,0.77
3442,0.74
3443,0.75
3444,0.73
3445,0.72
3446,0.71
3447,0.72
3448,0.73
3449,0.72
3450,0.72
3451,0.71
3452,0.74
3453,0.73
3454,0.71
3455,0.68
3456,0.69
3457,0.74
3458,0.73
3459,0.7
3460,0.73
3461,0.7
3462,0.73
3463,0.74
3464,0.72
3465,0.67
3466,0.72
3467,0.74
3468,0.76
3469,0.73
3470,0.71
3471,0.71
3472,0.75
3473,0.74
3474,0.72
3475,0.73
3476,0.74
3477,0.75
3478,0.76
3479,0.76
3480,0.71
3481,0.73
3482,0.75
3483,0.74
3484,0.74
3485,0.71
3486,0.72
3487,0.73
3488,0.73
3489,0.72
3490,0.71
3491,0.72
3492,0.73
3493,0.73
3494,0.71
3495,0.71
3496,0.73
3497,0.74
3498,0.73
3499,0.73
3500,0.74
3501,0.75
3502,0.75
3503,0.74
3504,0.73
3505,0.73
3506,0.74
3507,0.74
3508,0.74
3509,0.73
3510,0.73
3511,0.74
3512,0.75
3513,0.74
3514,0.77
3515,0.72
3516,0.74
3517,0.75
3518,0.74
3519,0.76
3520,0.74
3521,0.76
3522,0.77
3523,0.76
3524,0.76
3525,0.75
3526,0.74
3527,0.76
3528,0.77
3529,0.76
3530,0.74
3531,0.74
3532,0.76
3533,0.77
3534,0.75
3535,0.73
3536,0.72
3537,0.74
3538,0.75
3539,0.75
3540,0.73
3541,0.74
3542,0.76
3543,0.77
3544,0.76
3545,0.75
3546,0.75
3547,0.75
3548,0.77
3549,0.75
3550,0.72
3551,0.71
3552,0.75
3553,0.77
3554,0.76
3555,0.73
3556,0.72
3557,0.76
3558,0.76
3559,0.77
3560,0.74
3561,0.74
3562,0.77
3563,0.75
3564,0.77
3565,0.74
3566,0.75
3567,0.77
3568,0.75
3569,0.76
3570,0.74
3571,0.77
3572,0.77
3573,0.75
3574,0.78
3575,0.73
3576,0.76
3577,0.78
3578,0.75
3579,0.75
3580,0.73
3581,0.77
3582,0.77
3583,0.75
3584,0.75
3585,0.72
3586,0.75
3587,0.76
3588,0.76
3589,0.75
3590,0.75
3591,0.77
3592,0.76
3593,0.76
3594,0.77
3595,0.73
3596,0.76
3597,0.76
3598,0.74
3599,0.78
3600,0.58
3601,0.55
3602,0.53
3603,0.52
3604,0.57
3605,0.63
3606,0.6
3607,0.65
3608,0.69
3609,0.73
3610,0.64
3611,0.59
3612,0.69
3613,0.68
3614,0.68
3615,0.67
3616,0.62
3617,0.7
3618,0.69
3619,0.68
3620,0.71
3621,0.68
3622,0.74
3623,0.73
3624,0.72
3625,0.66
3626,0.7
3627,0.75
3628,0.76
3629,0.75
3630,0.69
3631,0.73
3632,0.73
3633,0.76
3634,0.76
3635,0.69
3636,0.69
3637,0.74
3638,0.76
3639,0.74
3640,0.67
3641,0.67
3642,0.74
3643,0.75
3644,0.73
3645,0.66
3646,0.68
3647,0.74
3648,0.75
3649,0.74
3650,0.69
3651,0.69
3652,0.71
3653,0.74
3654,0.7
3655,0.7
3656,0.74
3657,0.74
3658,0.74
3659,0.74
3660,0.68
3661,0.73
3662,0.75
3663,0.75
3664,0.74
3665,0.66
3666,0.72
3667,0.75
3668,0.74
3669,0.73
3670,0.65
3671,0.72
3672,0.75
3673,0.75
3674,0.74
3675,0.72
3676,0.72
3677,0.75
3678,0.76
3679,0.75
3680,0.71
3681,0.73
3682,0.77
3683,0.78
3684,0.75
3685,0.69
3686,0.73
3687,0.77
3688,0.79
3689,0.76
3690,0.67
3691,0.74
3692,0.77
3693,0.78
3694,0.75
3695,0.72
3696,0.74
3697,0.77
3698,0.76
3699,0.76
3700,0.71
3701,0.74
3702,0.75
3703,0.78
3704,0.77
3705,0.71
3706,0.74
3707,0.76
3708,0.78
3709,0.8
3710,0.71
3711,0.73
3712,0.76
3713,0.79
3714,0.81
3715,0.69
3716,0.73
3717,0.76
3718,0.76
3719,0.79
3720,0.72
3721,0.73
3722,0.78
3723,0.78
3724,0.79
3725,0.72
3726,0.73
3727,0.77
3728,0.78
3729,0.78
3730,0.71
3731,0.73
3732,0.76
3733,0.75
3734,0.78
3735,0.74
3736,0.77
3737,0.79
3738,0.78
3739,0.79
3740,0.75
3741,0.77
3742,0.78
3743,0.77
3744,0.79
3745,0.75
3746,0.76
3747,0.81
3748,0.76
3749,0.8
3750,0.74
3751,0.76
3752,0.81
3753,0.77
3754,0.78
3755,0.74
3756,0.75
3757,0.78
3758,0.77
3759,0.79
3760,0.77
3761,0.77
3762,0.81
3763,0.78
3764,0.78
3765,0.75
3766,0.78
3767,0.81
3768,0.77
3769,0.79
3770,0.75
3771,0.79
3772,0.8
3773,0.77
3774,0.77
3775,0.73
3776,0.77
3777,0.78
3778,0.76
3779,0.78
3780,0.73
3781,0.79
3782,0.79
3783,0.76
3784,0.77
3785,0.74
3786,0.79
3787,0.81
3788,0.76
3789,0.78
3790,0.73
3791,0.78
3792,0.8
3793,0.77
3794,0.79
3795,0.74
3796,0.77
3797,0.79
3798,0.78
3799,0.77
3800,0.63
3801,0.6
3802,0.72
3803,0.71
3804,0.73
3805,0.59
3806,0.69
3807,0.71
3808,0.66
3809,0.71
3810,0.61
3811,0.74
3812,0.69
3813,0.65
3814,0.71
3815,0.55
3816,0.72
3817,0.71
3818,0.67
3819,0.65
3820,0.57
3821,0.71
3822,0.74
3823,0.72
3824,0.72
3825,0.55
3826,0.71
3827,0.71
3828,0.73
3829,0.75
3830,0.55
3831,0.71
3832,0.69
3833,0.75
3834,0.76
3835,0.55
3836,0.71
3837,0.69
3838,0.75
3839,0.75
3840,0.56
3841,0.68
3842,0.71
3843,0.75
3844,0.74
3845,0.56
3846,0.71
3847,0.73
3848,0.76
3849,0.76
3850,0.55
3851,0.67
3852,0.74
3853,0.75
3854,0.75
3855,0.65
3856,0.72
3857,0.73
3858,0.77
3859,0.75
3860,0.65
3861,0.75
3862,0.73
3863,0.77
3864,0.76
3865,0.68
3866,0.76
3867,0.75
3868,0.78
3869,0.75
3870,0.66
3871,0.76
3872,0.73
3873,0.78
3874,0.77
3875,0.62
3876,0.77
3877,0.75
3878,0.79
3879,0.77
3880,0.64
3881,0.78
3882,0.75
3883,0.78
3884,0.78
3885,0.66
3886,0.79
3887,0.74
3888,0.78
3889,0.76
3890,0.67
3891,0.79
3892,0.74
3893,0.76
3894,0.76
3895,0.67
3896,0.79
3897,0.75
3898,0.76
3899,0.77
3900,0.65
3901,0.78
3902,0.76
3903,0.76
3904,0.78
3905,0.65
3906,0.76
3907,0.76
3908,0.77
3909,0.76
3910,0.66
3911,0.76
3912,0.73
3913,0.75
3914,0.76
3915,0.64
3916,0.76
3917,0.75
3918,0.75
3919,0.77
3920,0.63
3921,0.77
3922,0.75
3923,0.76
3924,0.77
3925,0.64
3926,0.79
3927,0.76
3928,0.76
3929,0.77
3930,0.65
3931,0.78
3932,0.78
3933,0.78
3934,0.77
3935,0.66
3936,0.77
3937,0.78
3938,0.77
3939,0.77
3940,0.67
3941,0.78
3942,0.78
3943,0.77
3944,0.78
3945,0.65
3946,0.78
3947,0.77
3948,0.75
3949,0.77
3950,0.66
3951,0.76
3952,0.76
3953,0.77
3954,0.77
3955,0.68
3956,0.75
3957,0.77
3958,0.76
3959,0.77
3960,0.69
3961,0.74
3962,0.77
3963,0.76
3964,0.76
3965,0.69
3966,0.75
3967,0.76
3968,0.75
3969,0.76
3970,0.7
3971,0.73
3972,0.77
3973,0.77
3974,0.77
3975,0.68
3976,0.72
3977,0.78
3978,0.77
3979,0.78
3980,0.71
3981,0.73
3982,0.78
3983,0.78
3984,0.78
3985,0.71
3986,0.73
3987,0.76
3988,0.78
3989,0.79
3990,0.75
3991,0.73
3992,0.76
3993,0.78
3994,0.79
3995,0.73
3996,0.73
3997,0.78
3998,0.78
3999,0.79
4000,0.49
4001,0.58
4002,0.61
4003,0.64
4004,0.62
4005,0.48
4006,0.55
4007,0.61
4008,0.66
4009,0.68
4010,0.58
4011,0.63
4012,0.62
4013,0.7
4014,0.7
4015,0.6
4016,0.63
4017,0.68
4018,0.74
4019,0.7
4020,0.54
4021,0.69
4022,0.74
4023,0.79
4024,0.78
4025,0.56
4026,0.72
4027,0.74
4028,0.79
4029,0.79
4030,0.63
4031,0.74
4032,0.75
4033,0.8
4034,0.79
4035,0.62
4036,0.7
4037,0.78
4038,0.82
4039,0.82
4040,0.63
4041,0.72
4042,0.73
4043,0.82
4044,0.83
4045,0.63
4046,0.73
4047,0.73
4048,0.78
4049,0.81
4050,0.64
4051,0.75
4052,0.72
4053,0.79
4054,0.79
4055,0.63
4056,0.73
4057,0.73
4058,0.76
4059,0.78
4060,0.67
4061,0.75
4062,0.77
4063,0.79
4064,0.8
4065,0.67
4066,0.76
4067,0.76
4068,0.8
4069,0.78
4070,0.65
4071,0.75
4072,0.77
4073,0.75
4074,0.77
4075,0.71
4076,0.77
4077,0.79
4078,0.79
4079,0.77
4080,0.72
4081,0.77
4082,0.79
4083,0.8
4084,0.81
4085,0.69
4086,0.76
4087,0.83
4088,0.79
4089,0.82
4090,0.68
4091,0.75
4092,0.81
4093,0.79
4094,0.81
4095,0.68
4096,0.71
4097,0.78
4098,0.79
4099,0.78
4100,0.68
4101,0.73
4102,0.78
4103,0.78
4104,0.78
4105,0.7
4106,0.76
4107,0.77
4108,0.78
4109,0.78
4110,0.68
4111,0.77
4112,0.8
4113,0.8
4114,0.8
4115,0.69
4116,0.78
4117,0.79
4118,0.77
4119,0.8
4120,0.72
4121,0.77
4122,0.79
4123,0.79
4124,0.81
4125,0.72
4126,0.78
4127,0.78
4128,0.78
4129,0.81
4130,0.73
4131,0.78
4132,0.78
4133,0.8
4134,0.8
4135,0.73
4136,0.81
4137,0.8
4138,0.8
4139,0.8
4140,0.72
4141,0.77
4142,0.81
4143,0.8
4144,0.8
4145,0.72
4146,0.76
4147,0.81
4148,0.81
4149,0.8
4150,0.72
4151,0.77
4152,0.81
4153,0.8
4154,0.8
4155,0.73
4156,0.78
4157,0.8
4158,0.8
4159,0.8
4160,0.73
4161,0.8
4162,0.81
4163,0.8
4164,0.81
4165,0.75
4166,0.81
4167,0.8
4168,0.81
4169,0.8
4170,0.74
4171,0.8
4172,0.8
4173,0.82
4174,0.81
4175,0.75
4176,0.81
4177,0.79
4178,0.82
4179,0.82
4180,0.74
4181,0.81
4182,0.8
4183,0.82
4184,0.81
4185,0.75
4186,0.82
4187,0.8
4188,0.82
4189,0.81
4190,0.73
4191,0.82
4192,0.81
4193,0.82
4194,0.81
4195,0.73
4196,0.8
4197,0.82
4198,0.82
4199,0.81
4200,0.57
4201,0.52
4202,0.55
4203,0.52
4204,0.56
4205,0.6
4206,0.57
4207,0.61
4208,0.62
4209,0.65
4210,0.59
4211,0.66
4212,0.67
4213,0.69
4214,0.73
4215,0.6
4216,0.66
4217,0.68
4218,0.7
4219,0.73
4220,0.68
4221,0.65
4222,0.7
4223,0.73
4224,0.73
4225,0.64
4226,0.71
4227,0.7
4228,0.72
4229,0.76
4230,0.66
4231,0.67
4232,0.71
4233,0.75
4234,0.76
4235,0.67
4236,0.63
4237,0.73
4238,0.72
4239,0.75
4240,0.66
4241,0.67
4242,0.72
4243,0.73
4244,0.77
4245,0.67
4246,0.66
4247,0.65
4248,0.73
4249,0.75
4250,0.66
4251,0.7
4252,0.73
4253,0.74
4254,0.73
4255,0.69
4256,0.69
4257,0.76
4258,0.77
4259,0.78
4260,0.73
4261,0.74
4262,0.76
4263,0.81
4264,0.77
4265,0.75
4266,0.77
4267,0.78
4268,0.79
4269,0.78
4270,0.73
4271,0.75
4272,0.77
4273,0.8
4274,0.8
4275,0.75
4276,0.75
4277,0.77
4278,0.8
4279,0.79
4280,0.73
4281,0.73
4282,0.79
4283,0.82
4284,0.8
4285,0.68
4286,0.74
4287,0.79
4288,0.82
4289,0.79
4290,0.71
4291,0.74
4292,0.77
4293,0.81
4294,0.79
4295,0.69
4296,0.74
4297,0.77
4298,0.81
4299,0.8
4300,0.71
4301,0.74
4302,0.78
4303,0.81
4304,0.8
4305,0.71
4306,0.74
4307,0.8
4308,0.8
4309,0.79
4310,0.67
4311,0.76
4312,0.79
4313,0.83
4314,0.8
4315,0.67
4316,0.77
4317,0.8
4318,0.83
4319,0.8
4320,0.68
4321,0.75
4322,0.8
4323,0.83
4324,0.78
4325,0.7
4326,0.75
4327,0.81
4328,0.83
4329,0.8
4330,0.69
4331,0.74
4332,0.82
4333,0.84
4334,0.81
4335,0.7
4336,0.73
4337,0.79
4338,0.84
4339,0.79
4340,0.68
4341,0.74
4342,0.79
4343,0.84
4344,0.78
4345,0.68
4346,0.73
4347,0.81
4348,0.83
4349,0.79
4350,0.7
4351,0.74
4352,0.79
4353,0.85
4354,0.81
4355,0.68
4356,0.75
4357,0.81
4358,0.84
4359,0.82
4360,0.7
4361,0.75
4362,0.8
4363,0.84
4364,0.79
4365,0.71
4366,0.76
4367,0.81
4368,0.84
4369,0.82
4370,0.71
4371,0.74
4372,0.81
4373,0.85
4374,0.82
4375,0.71
4376,0.74
4377,0.81
4378,0.85
4379,0.81
4380,0.7
4381,0.76
4382,0.81
4383,0.83
4384,0.8
4385,0.71
4386,0.76
4387,0.8
4388,0.82
4389,0.8
4390,0.71
4391,0.76
4392,0.81
4393,0.82
4394,0.8
4395,0.71
4396,0.77
4397,0.81
4398,0.83
4399,0.81
4400,0.56
4401,0.64
4402,0.62
4403,0.65
4404,0.66
4405,0.67
4406,0.77
4407,0.75
4408,0.77
4409,0.74
4410,0.59
4411,0.71
4412,0.75
4413,0.73
4414,0.7
4415,0.64
4416,0.74
4417,0.76
4418,0.72
4419,0.69
4420,0.64
4421,0.75
4422,0.79
4423,0.74
4424,0.68
4425,0.65
4426,0.73
4427,0.79
4428,0.74
4429,0.71
4430,0.67
4431,0.72
4432,0.77
4433,0.74
4434,0.72
4435,0.67
4436,0.73
4437,0.76
4438,0.72
4439,0.72
4440,0.65
4441,0.72
4442,0.75
4443,0.7
4444,0.73
4445,0.65
4446,0.71
4447,0.72
4448,0.71
4449,0.71
4450,0.65
4451,0.7
4452,0.75
4453,0.71
4454,0.71
4455,0.65
4456,0.72
4457,0.73
4458,0.7
4459,0.73
4460,0.68
4461,0.74
4462,0.74
4463,0.72
4464,0.75
4465,0.69
4466,0.71
4467,0.75
4468,0.71
4469,0.72
4470,0.64
4471,0.73
4472,0.75
4473,0.73
4474,0.72
4475,0.65
4476,0.77
4477,0.74
4478,0.72
4479,0.72
4480,0.66
4481,0.72
4482,0.71
4483,0.7
4484,0.71
4485,0.67
4486,0.73
4487,0.74
4488,0.7
4489,0.72
4490,0.66
4491,0.74
4492,0.73
4493,0.69
4494,0.72
4495,0.65
4496,0.73
4497,0.72
4498,0.7
4499,0.72
4500,0.67
4501,0.72
4502,0.72
4503,0.71
4504,0.72
4505,0.66
4506,0.74
4507,0.73
4508,0.7
4509,0.72
4510,0.65
4511,0.76
4512,0.74
4513,0.73
4514,0.74
4515,0.66
4516,0.75
4517,0.74
4518,0.74
4519,0.74
4520,0.65
4521,0.75
4522,0.75
4523,0.73
4524,0.73
4525,0.69
4526,0.73
4527,0.74
4528,0.72
4529,0.75
4530,0.68
4531,0.72
4532,0.74
4533,0.73
4534,0.74
4535,0.66
4536,0.74
4537,0.74
4538,0.72
4539,0.73
4540,0.68
4541,0.72
4542,0.72
4543,0.73
4544,0.72
4545,0.66
4546,0.7
4547,0.72
4548,0.72
4549,0.71
4550,0.66
4551,0.73
4552,0.71
4553,0.71
4554,0.71
4555,0.66
4556,0.73
4557,0.71
4558,0.71
4559,0.71
4560,0.66
4561,0.72
4562,0.7
4563,0.73
4564,0.72
4565,0.65
4566,0.72
4567,0.69
4568,0.72
4569,0.75
4570,0.66
4571,0.72
4572,0.69
4573,0.73
4574,0.72
4575,0.66
4576,0.7
4577,0.69
4578,0.73
4579,0.73
4580,0.65
4581,0.7
4582,0.71
4583,0.74
4584,0.73
4585,0.66
4586,0.73
4587,0.69
4588,0.75
4589,0.74
4590,0.66
4591,0.72
4592,0.68
4593,0.76
4594,0.74
4595,0.69
4596,0.73
4597,0.69
4598,0.74
4599,0.71
4600,0.52
4601,0.58
4602,0.61
4603,0.65
4604,0.63
4605,0.54
4606,0.66
4607,0.66
4608,0.62
4609,0.64
4610,0.56
4611,0.6
4612,0.6
4613,0.68
4614,0.64
4615,0.55
4616,0.58
4617,0.64
4618,0.7
4619,0.69
4620,0.52
4621,0.59
4622,0.66
4623,0.66
4624,0.69
4625,0.57
4626,0.62
4627,0.71
4628,0.7
4629,0.69
4630,0.55
4631,0.6
4632,0.69
4633,0.69
4634,0.69
4635,0.56
4636,0.61
4637,0.71
4638,0.7
4639,0.69
4640,0.55
4641,0.64
4642,0.63
4643,0.66
4644,0.69
4645,0.52
4646,0.58
4647,0.68
4648,0.69
4649,0.68
4650,0.53
4651,0.6
4652,0.72
4653,0.69
4654,0.68
4655,0.51
4656,0.58
4657,0.72
4658,0.67
4659,0.69
4660,0.54
4661,0.6
4662,0.7
4663,0.66
4664,0.66
4665,0.55
4666,0.62
4667,0.71
4668,0.68
4669,0.71
4670,0.52
4671,0.61
4672,0.7
4673,0.68
4674,0.7
4675,0.57
4676,0.65
4677,0.7
4678,0.71
4679,0.71
4680,0.58
4681,0.68
4682,0.74
4683,0.73
4684,0.76
4685,0.58
4686,0.67
4687,0.73
4688,0.73
4689,0.75
4690,0.57
4691,0.68
4692,0.72
4693,0.73
4694,0.76
4695,0.57
4696,0.69
4697,0.7
4698,0.73
4699,0.74
4700,0.58
4701,0.69
4702,0.71
4703,0.73
4704,0.77
4705,0.58
4706,0.71
4707,0.71
4708,0.76
4709,0.76
4710,0.6
4711,0.68
4712,0.72
4713,0.75
4714,0.78
4715,0.59
4716,0.67
4717,0.73
4718,0.75
4719,0.75
4720,0.58
4721,0.67
4722,0.72
4723,0.75
4724,0.76
4725,0.57
4726,0.68
4727,0.73
4728,0.75
4729,0.76
4730,0.55
4731,0.67
4732,0.73
4733,0.75
4734,0.77
4735,0.56
4736,0.68
4737,0.75
4738,0.76
4739,0.77
4740,0.57
4741,0.68
4742,0.74
4743,0.77
4744,0.77
4745,0.57
4746,0.69
4747,0.73
4748,0.76
4749,0.78
4750,0.59
4751,0.69
4752,0.73
4753,0.78
4754,0.78
4755,0.59
4756,0.68
4757,0.74
4758,0.77
4759,0.78
4760,0.59
4761,0.7
4762,0.73
4763,0.76
4764,0.79
4765,0.57
4766,0.68
4767,0.73
4768,0.77
4769,0.78
4770,0.6
4771,0.67
4772,0.73
4773,0.77
4774,0.78
4775,0.61
4776,0.67
4777,0.72
4778,0.76
4779,0.78
4780,0.63
4781,0.68
4782,0.71
4783,0.76
4784,0.78
4785,0.62
4786,0.68
4787,0.72
4788,0.76
4789,0.78
4790,0.61
4791,0.68
4792,0.72
4793,0.77
4794,0.78
4795,0.6
4796,0.68
4797,0.73
4798,0.76
4799,0.78
4800,0.59
4801,0.58
4802,0.58
4803,0.6
4804,0.62
4805,0.61
4806,0.67
4807,0.7
4808,0.74
4809,0.68
4810,0.64
4811,0.66
4812,0.74
4813,0.74
4814,0.72
4815,0.68
4816,0.73
4817,0.73
4818,0.73
4819,0.71
4820,0.73
4821,0.71
4822,0.71
4823,0.72
4824,0.72
4825,0.74
4826,0.73
4827,0.71
4828,0.77
4829,0.74
4830,0.74
4831,0.75
4832,0.7
4833,0.75
4834,0.74
4835,0.72
4836,0.74
4837,0.7
4838,0.76
4839,0.72
4840,0.72
4841,0.72
4842,0.75
4843,0.77
4844,0.75
4845,0.72
4846,0.75
4847,0.74
4848,0.77
4849,0.75
4850,0.71
4851,0.77
4852,0.76
4853,0.77
4854,0.78
4855,0.71
4856,0.75
4857,0.76
4858,0.77
4859,0.78
4860,0.74
4861,0.76
4862,0.74
4863,0.77
4864,0.78
4865,0.73
4866,0.77
4867,0.76
4868,0.74
4869,0.75
4870,0.72
4871,0.76
4872,0.75
4873,0.76
4874,0.77
4875,0.75
4876,0.75
4877,0.74
4878,0.75
4879,0.75
4880,0.75
4881,0.75
4882,0.75
4883,0.77
4884,0.75
4885,0.74
4886,0.76
4887,0.78
4888,0.76
4889,0.76
4890,0.74
4891,0.74
4892,0.75
4893,0.76
4894,0.76
4895,0.74
4896,0.73
4897,0.77
4898,0.74
4899,0.73
4900,0.74
4901,0.74
4902,0.78
4903,0.75
4904,0.75
4905,0.77
4906,0.73
4907,0.79
4908,0.77
4909,0.76
4910,0.77
4911,0.77
4912,0.79
4913,0.77
4914,0.79
4915,0.78
4916,0.74
4917,0.8
4918,0.79
4919,0.78
4920,0.76
4921,0.78
4922,0.8
4923,0.79
4924,0.79
4925,0.78
4926,0.78
4927,0.79
4928,0.79
4929,0.78
4930,0.78
4931,0.78
4932,0.78
4933,0.78
4934,0.78
4935,0.79
4936,0.76
4937,0.77
4938,0.76
4939,0.77
4940,0.78
4941,0.77
4942,0.77
4943,0.78
4944,0.77
4945,0.78
4946,0.77
4947,0.78
4948,0.78
4949,0.77
4950,0.77
4951,0.76
4952,0.77
4953,0.78
4954,0.77
4955,0.78
4956,0.76
4957,0.78
4958,0.78
4959,0.77
4960,0.78
4961,0.78
4962,0.78
4963,0.78
4964,0.77
4965,0.79
4966,0.78
4967,0.77
4968,0.78
4969,0.77
4970,0.79
4971,0.77
4972,0.78
4973,0.78
4974,0.77
4975,0.78
4976,0.77
4977,0.78
4978,0.79
4979,0.77
4980,0.79
4981,0.79
4982,0.77
4983,0.78
4984,0.78
4985,0.78
4986,0.78
4987,0.77
4988,0.78
4989,0.75
4990,0.78
4991,0.79
4992,0.78
4993,0.79
4994,0.79
4995,0.77
4996,0.79
4997,0.77
4998,0.77
4999,0.78
5000,0.53
5001,0.54
5002,0.65
5003,0.63
5004,0.62
5005,0.55
5006,0.66
5007,0.7
5008,0.69
5009,0.73
5010,0.6
5011,0.68
5012,0.69
5013,0.73
5014,0.71
5015,0.64
5016,0.7
5017,0.69
5018,0.73
5019,0.71
5020,0.62
5021,0.7
5022,0.7
5023,0.71
5024,0.7
5025,0.63
5026,0.75
5027,0.69
5028,0.7
5029,0.71
5030,0.66
5031,0.73
5032,0.72
5033,0.76
5034,0.74
5035,0.67
5036,0.75
5037,0.79
5038,0.77
5039,0.77
5040,0.68
5041,0.78
5042,0.81
5043,0.79
5044,0.8
5045,0.69
5046,0.77
5047,0.79
5048,0.78
5049,0.84
5050,0.7
5051,0.8
5052,0.8
5053,0.79
5054,0.83
5055,0.69
5056,0.81
5057,0.8
5058,0.79
5059,0.81
5060,0.65
5061,0.83
5062,0.77
5063,0.81
5064,0.79
5065,0.64
5066,0.82
5067,0.8
5068,0.81
5069,0.81
5070,0.67
5071,0.84
5072,0.8
5073,0.81
5074,0.82
5075,0.67
5076,0.83
5077,0.8
5078,0.79
5079,0.81
5080,0.68
5081,0.82
5082,0.81
5083,0.79
5084,0.81
5085,0.69
5086,0.82
5087,0.83
5088,0.78
5089,0.79
5090,0.72
5091,0.82
5092,0.8
5093,0.78
5094,0.81
5095,0.76
5096,0.82
5097,0.82
5098,0.78
5099,0.83
5100,0.75
5101,0.81
5102,0.8
5103,0.81
5104,0.82
5105,0.74
5106,0.82
5107,0.85
5108,0.81
5109,0.83
5110,0.74
5111,0.83
5112,0.84
5113,0.83
5114,0.86
5115,0.75
5116,0.83
5117,0.86
5118,0.83
5119,0.86
5120,0.77
5121,0.86
5122,0.84
5123,0.84
5124,0.87
5125,0.78
5126,0.86
5127,0.86
5128,0.86
5129,0.85
5130,0.77
5131,0.87
5132,0.85
5133,0.87
5134,0.86
5135,0.77
5136,0.85
5137,0.86
5138,0.87
5139,0.86
5140,0.77
5141,0.87
5142,0.86
5143,0.86
5144,0.86
5145,0.78
5146,0.88
5147,0.86
5148,0.87
5149,0.86
5150,0.79
5151,0.86
5152,0.86
5153,0.87
5154,0.86
5155,0.77
5156,0.87
5157,0.85
5158,0.88
5159,0.86
5160,0.8
5161,0.87
5162,0.87
5163,0.86
5164,0.85
5165,0.8
5166,0.86
5167,0.87
5168,0.86
5169,0.87
5170,0.8
5171,0.86
5172,0.87
5173,0.86
5174,0.87
5175,0.8
5176,0.86
5177,0.87
5178,0.86
5179,0.86
5180,0.78
5181,0.86
5182,0.88
5183,0.86
5184,0.86
5185,0.8
5186,0.87
5187,0.88
5188,0.85
5189,0.86
5190,0.84
5191,0.86
5192,0.88
5193,0.84
5194,0.85
5195,0.81
5196,0.87
5197,0.87
5198,0.85
5199,0.85
5200,0.5
5201,0.67
5202,0.7
5203,0.62
5204,0.62
5205,0.59
5206,0.67
5207,0.71
5208,0.7
5209,0.71
5210,0.61
5211,0.65
5212,0.72
5213,0.7
5214,0.71
5215,0.66
5216,0.64
5217,0.68
5218,0.73
5219,0.71
5220,0.67
5221,0.7
5222,0.69
5223,0.76
5224,0.76
5225,0.74
5226,0.73
5227,0.73
5228,0.74
5229,0.76
5230,0.75
5231,0.73
5232,0.75
5233,0.75
5234,0.78
5235,0.76
5236,0.73
5237,0.76
5238,0.76
5239,0.81
5240,0.72
5241,0.72
5242,0.73
5243,0.79
5244,0.78
5245,0.71
5246,0.73
5247,0.76
5248,0.78
5249,0.81
5250,0.72
5251,0.73
5252,0.82
5253,0.81
5254,0.81
5255,0.72
5256,0.75
5257,0.81
5258,0.81
5259,0.81
5260,0.68
5261,0.74
5262,0.83
5263,0.81
5264,0.82
5265,0.68
5266,0.74
5267,0.81
5268,0.78
5269,0.79
5270,0.65
5271,0.72
5272,0.81
5273,0.77
5274,0.79
5275,0.69
5276,0.77
5277,0.77
5278,0.76
5279,0.77
5280,0.67
5281,0.73
5282,0.8
5283,0.79
5284,0.8
5285,0.7
5286,0.76
5287,0.79
5288,0.79
5289,0.81
5290,0.73
5291,0.79
5292,0.8
5293,0.79
5294,0.78
5295,0.73
5296,0.8
5297,0.82
5298,0.81
5299,0.81
5300,0.73
5301,0.8
5302,0.83
5303,0.8
5304,0.81
5305,0.74
5306,0.82
5307,0.82
5308,0.82
5309,0.82
5310,0.74
5311,0.8
5312,0.79
5313,0.82
5314,0.82
5315,0.73
5316,0.8
5317,0.8
5318,0.81
5319,0.82
5320,0.7
5321,0.8
5322,0.81
5323,0.82
5324,0.81
5325,0.69
5326,0.81
5327,0.8
5328,0.83
5329,0.82
5330,0.71
5331,0.81
5332,0.8
5333,0.81
5334,0.81
5335,0.71
5336,0.8
5337,0.8
5338,0.81
5339,0.82
5340,0.72
5341,0.8
5342,0.8
5343,0.81
5344,0.81
5345,0.72
5346,0.81
5347,0.8
5348,0.82
5349,0.8
5350,0.71
5351,0.78
5352,0.8
5353,0.81
5354,0.81
5355,0.71
5356,0.78
5357,0.8
5358,0.81
5359,0.82
5360,0.7
5361,0.78
5362,0.8
5363,0.81
5364,0.82
5365,0.7
5366,0.77
5367,0.81
5368,0.8
5369,0.81
5370,0.7
5371,0.77
5372,0.81
5373,0.8
5374,0.82
5375,0.71
5376,0.77
5377,0.81
5378,0.8
5379,0.81
5380,0.71
5381,0.77
5382,0.81
5383,0.79
5384,0.81
5385,0.7
5386,0.78
5387,0.82
5388,0.8
5389,0.82
5390,0.7
5391,0.77
5392,0.83
5393,0.83
5394,0.82
5395,0.71
5396,0.77
5397,0.83
5398,0.83
5399,0.82
5400,0.41
5401,0.56
5402,0.58
5403,0.57
5404,0.61
5405,0.57
5406,0.61
5407,0.68
5408,0.65
5409,0.67
5410,0.64
5411,0.64
5412,0.72
5413,0.65
5414,0.71
5415,0.61
5416,0.69
5417,0.73
5418,0.75
5419,0.76
5420,0.64
5421,0.77
5422,0.77
5423,0.78
5424,0.76
5425,0.65
5426,0.76
5427,0.73
5428,0.79
5429,0.75
5430,0.65
5431,0.76
5432,0.73
5433,0.75
5434,0.73
5435,0.66
5436,0.76
5437,0.75
5438,0.76
5439,0.76
5440,0.66
5441,0.76
5442,0.75
5443,0.77
5444,0.76
5445,0.65
5446,0.77
5447,0.75
5448,0.76
5449,0.78
5450,0.64
5451,0.77
5452,0.75
5453,0.76
5454,0.76
5455,0.69
5456,0.76
5457,0.74
5458,0.77
5459,0.77
5460,0.73
5461,0.79
5462,0.78
5463,0.78
5464,0.77
5465,0.75
5466,0.79
5467,0.75
5468,0.77
5469,0.77
5470,0.73
5471,0.77
5472,0.78
5473,0.78
5474,0.79
5475,0.75
5476,0.79
5477,0.8
5478,0.77
5479,0.77
5480,0.72
5481,0.76
5482,0.78
5483,0.78
5484,0.79
5485,0.71
5486,0.77
5487,0.79
5488,0.79
5489,0.79
5490,0.72
5491,0.77
5492,0.79
5493,0.8
5494,0.77
5495,0.75
5496,0.78
5497,0.78
5498,0.8
5499,0.8
5500,0.76
5501,0.8
5502,0.8
5503,0.8
5504,0.83
5505,0.77
5506,0.79
5507,0.8
5508,0.8
5509,0.8
5510,0.74
5511,0.78
5512,0.79
5513,0.79
5514,0.8
5515,0.76
5516,0.75
5517,0.78
5518,0.8
5519,0.8
5520,0.77
5521,0.75
5522,0.78
5523,0.78
5524,0.81
5525,0.75
5526,0.76
5527,0.78
5528,0.78
5529,0.8
5530,0.75
5531,0.75
5532,0.78
5533,0.78
5534,0.79
5535,0.76
5536,0.79
5537,0.78
5538,0.78
5539,0.81
5540,0.74
5541,0.78
5542,0.79
5543,0.82
5544,0.8
5545,0.76
5546,0.77
5547,0.77
5548,0.81
5549,0.8
5550,0.76
5551,0.76
5552,0.76
5553,0.82
5554,0.79
5555,0.75
5556,0.75
5557,0.77
5558,0.8
5559,0.78
5560,0.77
5561,0.76
5562,0.77
5563,0.8
5564,0.78
5565,0.76
5566,0.75
5567,0.78
5568,0.8
5569,0.76
5570,0.75
5571,0.75
5572,0.78
5573,0.79
5574,0.76
5575,0.74
5576,0.75
5577,0.77
5578,0.79
5579,0.79
5580,0.72
5581,0.76
5582,0.76
5583,0.78
5584,0.79
5585,0.73
5586,0.76
5587,0.77
5588,0.78
5589,0.77
5590,0.74
5591,0.76
5592,0.76
5593,0.79
5594,0.79
5595,0.75
5596,0.76
5597,0.78
5598,0.8
5599,0.79
5600,0.54
5601,0.54
5602,0.46
5603,0.5
5604,0.59
5605,0.52
5606,0.6
5607,0.65
5608,0.62
5609,0.65
5610,0.57
5611,0.77
5612,0.66
5613,0.68
5614,0.78
5615,0.59
5616,0.73
5617,0.69
5618,0.7
5619,0.76
5620,0.58
5621,0.67
5622,0.73
5623,0.75
5624,0.8
5625,0.59
5626,0.73
5627,0.69
5628,0.78
5629,0.81
5630,0.66
5631,0.73
5632,0.72
5633,0.78
5634,0.77
5635,0.63
5636,0.76
5637,0.69
5638,0.76
5639,0.76
5640,0.65
5641,0.73
5642,0.71
5643,0.74
5644,0.79
5645,0.68
5646,0.73
5647,0.7
5648,0.76
5649,0.74
5650,0.71
5651,0.75
5652,0.71
5653,0.78
5654,0.77
5655,0.68
5656,0.74
5657,0.73
5658,0.76
5659,0.75
5660,0.68
5661,0.75
5662,0.72
5663,0.77
5664,0.74
5665,0.69
5666,0.75
5667,0.72
5668,0.75
5669,0.74
5670,0.68
5671,0.71
5672,0.72
5673,0.73
5674,0.72
5675,0.7
5676,0.72
5677,0.74
5678,0.71
5679,0.71
5680,0.69
5681,0.73
5682,0.75
5683,0.72
5684,0.71
5685,0.67
5686,0.74
5687,0.74
5688,0.73
5689,0.72
5690,0.68
5691,0.77
5692,0.75
5693,0.72
5694,0.73
5695,0.69
5696,0.75
5697,0.72
5698,0.73
5699,0.74
5700,0.65
5701,0.74
5702,0.71
5703,0.71
5704,0.72
5705,0.68
5706,0.72
5707,0.69
5708,0.73
5709,0.72
5710,0.68
5711,0.74
5712,0.75
5713,0.75
5714,0.74
5715,0.69
5716,0.74
5717,0.74
5718,0.74
5719,0.74
5720,0.68
5721,0.74
5722,0.73
5723,0.75
5724,0.73
5725,0.68
5726,0.75
5727,0.74
5728,0.76
5729,0.74
5730,0.7
5731,0.73
5732,0.76
5733,0.76
5734,0.75
5735,0.7
5736,0.73
5737,0.76
5738,0.77
5739,0.75
5740,0.7
5741,0.75
5742,0.76
5743,0.78
5744,0.76
5745,0.68
5746,0.75
5747,0.77
5748,0.77
5749,0.77
5750,0.71
5751,0.76
5752,0.77
5753,0.79
5754,0.76
5755,0.7
5756,0.76
5757,0.77
5758,0.79
5759,0.76
5760,0.7
5761,0.77
5762,0.76
5763,0.79
5764,0.76
5765,0.74
5766,0.78
5767,0.77
5768,0.8
5769,0.77
5770,0.73
5771,0.78
5772,0.77
5773,0.8
5774,0.78
5775,0.72
5776,0.77
5777,0.76
5778,0.79
5779,0.77
5780,0.73
5781,0.76
5782,0.76
5783,0.78
5784,0.77
5785,0.75
5786,0.76
5787,0.77
5788,0.78
5789,0.79
5790,0.74
5791,0.76
5792,0.77
5793,0.79
5794,0.78
5795,0.73
5796,0.76
5797,0.77
5798,0.77
5799,0.78
5800,0.47
5801,0.54
5802,0.57
5803,0.57
5804,0.57
5805,0.67
5806,0.58
5807,0.63
5808,0.69
5809,0.67
5810,0.72
5811,0.71
5812,0.71
5813,0.71
5814,0.69
5815,0.71
5816,0.71
5817,0.72
5818,0.74
5819,0.75
5820,0.75
5821,0.78
5822,0.77
5823,0.78
5824,0.77
5825,0.77
5826,0.77
5827,0.76
5828,0.77
5829,0.79
5830,0.78
5831,0.78
5832,0.78
5833,0.76
5834,0.77
5835,0.79
5836,0.78
5837,0.82
5838,0.78
5839,0.76
5840,0.77
5841,0.79
5842,0.82
5843,0.77
5844,0.78
5845,0.77
5846,0.8
5847,0.79
5848,0.75
5849,0.75
5850,0.76
5851,0.79
5852,0.79
5853,0.75
5854,0.79
5855,0.77
5856,0.79
5857,0.78
5858,0.78
5859,0.75
5860,0.78
5861,0.76
5862,0.82
5863,0.78
5864,0.79
5865,0.76
5866,0.79
5867,0.81
5868,0.74
5869,0.76
5870,0.77
5871,0.84
5872,0.81
5873,0.77
5874,0.76
5875,0.77
5876,0.82
5877,0.8
5878,0.76
5879,0.78
5880,0.78
5881,0.8
5882,0.79
5883,0.76
5884,0.77
5885,0.8
5886,0.82
5887,0.79
5888,0.77
5889,0.77
5890,0.8
5891,0.84
5892,0.83
5893,0.8
5894,0.78
5895,0.78
5896,0.82
5897,0.82
5898,0.81
5899,0.78
5900,0.78
5901,0.8
5902,0.82
5903,0.84
5904,0.81
5905,0.76
5906,0.81
5907,0.79
5908,0.82
5909,0.8
5910,0.77
5911,0.78
5912,0.8
5913,0.84
5914,0.81
5915,0.77
5916,0.79
5917,0.8
5918,0.81
5919,0.79
5920,0.78
5921,0.83
5922,0.81
5923,0.8
5924,0.81
5925,0.78
5926,0.81
5927,0.8
5928,0.82
5929,0.82
5930,0.8
5931,0.8
5932,0.8
5933,0.82
5934,0.82
5935,0.81
5936,0.81
5937,0.81
5938,0.83
5939,0.82
5940,0.82
5941,0.81
5942,0.82
5943,0.82
5944,0.8
5945,0.83
5946,0.8
5947,0.82
5948,0.81
5949,0.82
5950,0.82
5951,0.83
5952,0.84
5953,0.81
5954,0.83
5955,0.8
5956,0.83
5957,0.83
5958,0.82
5959,0.83
5960,0.83
5961,0.85
5962,0.82
5963,0.82
5964,0.84
5965,0.84
5966,0.85
5967,0.85
5968,0.81
5969,0.82
5970,0.83
5971,0.85
5972,0.84
5973,0.82
5974,0.82
5975,0.8
5976,0.83
5977,0.84
5978,0.81
5979,0.82
5980,0.8
5981,0.84
5982,0.84
5983,0.82
5984,0.81
5985,0.81
5986,0.84
5987,0.83
5988,0.82
5989,0.81
5990,0.81
5991,0.85
5992,0.85
5993,0.81
5994,0.83
5995,0.81
5996,0.85
5997,0.82
5998,0.83
5999,0.81
6000,0.56
6001,0.55
6002,0.57
6003,0.63
6004,0.55
6005,0.53
6006,0.65
6007,0.65
6008,0.66
6009,0.7
6010,0.59
6011,0.65
6012,0.67
6013,0.67
6014,0.72
6015,0.62
6016,0.74
6017,0.76
6018,0.73
6019,0.75
6020,0.62
6021,0.76
6022,0.75
6023,0.75
6024,0.79
6025,0.7
6026,0.72
6027,0.73
6028,0.71
6029,0.74
6030,0.73
6031,0.76
6032,0.73
6033,0.73
6034,0.73
6035,0.7
6036,0.71
6037,0.69
6038,0.74
6039,0.71
6040,0.67
6041,0.71
6042,0.72
6043,0.7
6044,0.74
6045,0.65
6046,0.7
6047,0.73
6048,0.74
6049,0.73
6050,0.65
6051,0.73
6052,0.75
6053,0.73
6054,0.76
6055,0.65
6056,0.75
6057,0.77
6058,0.75
6059,0.73
6060,0.68
6061,0.74
6062,0.73
6063,0.73
6064,0.73
6065,0.69
6066,0.75
6067,0.72
6068,0.71
6069,0.72
6070,0.69
6071,0.73
6072,0.71
6073,0.71
6074,0.71
6075,0.73
6076,0.75
6077,0.72
6078,0.72
6079,0.72
6080,0.73
6081,0.74
6082,0.76
6083,0.73
6084,0.72
6085,0.72
6086,0.75
6087,0.76
6088,0.72
6089,0.73
6090,0.72
6091,0.73
6092,0.74
6093,0.74
6094,0.75
6095,0.72
6096,0.72
6097,0.73
6098,0.74
6099,0.76
6100,0.73
6101,0.73
6102,0.74
6103,0.74
6104,0.79
6105,0.71
6106,0.73
6107,0.74
6108,0.75
6109,0.78
6110,0.73
6111,0.74
6112,0.78
6113,0.76
6114,0.79
6115,0.72
6116,0.75
6117,0.8
6118,0.77
6119,0.79
6120,0.73
6121,0.74
6122,0.79
6123,0.77
6124,0.78
6125,0.72
6126,0.74
6127,0.79
6128,0.78
6129,0.81
6130,0.72
6131,0.76
6132,0.77
6133,0.76
6134,0.79
6135,0.75
6136,0.77
6137,0.77
6138,0.77
6139,0.8
6140,0.74
6141,0.78
6142,0.77
6143,0.76
6144,0.79
6145,0.74
6146,0.75
6147,0.77
6148,0.76
6149,0.79
6150,0.75
6151,0.78
6152,0.76
6153,0.79
6154,0.81
6155,0.75
6156,0.78
6157,0.76
6158,0.78
6159,0.79
6160,0.74
6161,0.77
6162,0.75
6163,0.77
6164,0.81
6165,0.74
6166,0.75
6167,0.76
6168,0.78
6169,0.8
6170,0.75
6171,0.75
6172,0.77
6173,0.79
6174,0.8
6175,0.74
6176,0.75
6177,0.77
6178,0.77
6179,0.8
6180,0.74
6181,0.75
6182,0.76
6183,0.77
6184,0.78
6185,0.73
6186,0.75
6187,0.74
6188,0.76
6189,0.78
6190,0.72
6191,0.76
6192,0.75
6193,0.77
6194,0.79
6195,0.72
6196,0.74
6197,0.77
6198,0.78
6199,0.79
6200,0.53
6201,0.49
6202,0.51
6203,0.59
6204,0.6
6205,0.59
6206,0.52
6207,0.56
6208,0.63
6209,0.62
6210,0.58
6211,0.6
6212,0.67
6213,0.66
6214,0.68
6215,0.6
6216,0.62
6217,0.71
6218,0.74
6219,0.71
6220,0.66
6221,0.66
6222,0.71
6223,0.78
6224,0.72
6225,0.66
6226,0.68
6227,0.74
6228,0.78
6229,0.73
6230,0.69
6231,0.68
6232,0.74
6233,0.78
6234,0.76
6235,0.66
6236,0.69
6237,0.75
6238,0.77
6239,0.76
6240,0.68
6241,0.74
6242,0.76
6243,0.77
6244,0.8
6245,0.64
6246,0.72
6247,0.76
6248,0.8
6249,0.8
6250,0.62
6251,0.71
6252,0.73
6253,0.78
6254,0.79
6255,0.66
6256,0.7
6257,0.75
6258,0.79
6259,0.79
6260,0.67
6261,0.71
6262,0.74
6263,0.82
6264,0.79
6265,0.66
6266,0.72
6267,0.77
6268,0.82
6269,0.8
6270,0.68
6271,0.72
6272,0.75
6273,0.82
6274,0.79
6275,0.66
6276,0.73
6277,0.78
6278,0.8
6279,0.78
6280,0.7
6281,0.74
6282,0.8
6283,0.82
6284,0.78
6285,0.7
6286,0.74
6287,0.81
6288,0.8
6289,0.78
6290,0.69
6291,0.72
6292,0.79
6293,0.79
6294,0.77
6295,0.71
6296,0.75
6297,0.81
6298,0.8
6299,0.78
6300,0.74
6301,0.72
6302,0.79
6303,0.79
6304,0.77
6305,0.74
6306,0.71
6307,0.79
6308,0.79
6309,0.78
6310,0.75
6311,0.72
6312,0.78
6313,0.78
6314,0.78
6315,0.74
6316,0.74
6317,0.8
6318,0.8
6319,0.78
6320,0.72
6321,0.73
6322,0.8
6323,0.8
6324,0.78
6325,0.7
6326,0.75
6327,0.8
6328,0.78
6329,0.79
6330,0.7
6331,0.76
6332,0.81
6333,0.78
6334,0.78
6335,0.73
6336,0.75
6337,0.78
6338,0.78
6339,0.78
6340,0.69
6341,0.74
6342,0.77
6343,0.8
6344,0.78
6345,0.69
6346,0.74
6347,0.79
6348,0.8
6349,0.79
6350,0.7
6351,0.76
6352,0.79
6353,0.79
6354,0.79
6355,0.7
6356,0.77
6357,0.79
6358,0.79
6359,0.77
6360,0.68
6361,0.77
6362,0.8
6363,0.78
6364,0.78
6365,0.69
6366,0.77
6367,0.81
6368,0.78
6369,0.78
6370,0.68
6371,0.76
6372,0.81
6373,0.78
6374,0.77
6375,0.68
6376,0.76
6377,0.79
6378,0.78
6379,0.77
6380,0.68
6381,0.78
6382,0.78
6383,0.78
6384,0.8
6385,0.69
6386,0.78
6387,0.79
6388,0.77
6389,0.79
6390,0.7
6391,0.8
6392,0.79
6393,0.78
6394,0.79
6395,0.71
6396,0.78
6397,0.8
6398,0.79
6399,0.8
6400,0.56
6401,0.58
6402,0.59
6403,0.6
6404,0.58
6405,0.61
6406,0.6
6407,0.65
6408,0.62
6409,0.67
6410,0.53
6411,0.57
6412,0.62
6413,0.66
6414,0.65
6415,0.58
6416,0.67
6417,0.73
6418,0.69
6419,0.71
6420,0.56
6421,0.63
6422,0.68
6423,0.68
6424,0.7
6425,0.57
6426,0.69
6427,0.71
6428,0.71
6429,0.73
6430,0.6
6431,0.69
6432,0.71
6433,0.68
6434,0.72
6435,0.56
6436,0.68
6437,0.72
6438,0.73
6439,0.75
6440,0.55
6441,0.66
6442,0.73
6443,0.75
6444,0.73
6445,0.58
6446,0.66
6447,0.76
6448,0.77
6449,0.76
6450,0.6
6451,0.69
6452,0.69
6453,0.75
6454,0.75
6455,0.61
6456,0.73
6457,0.75
6458,0.75
6459,0.78
6460,0.62
6461,0.72
6462,0.74
6463,0.72
6464,0.77
6465,0.66
6466,0.72
6467,0.73
6468,0.75
6469,0.76
6470,0.65
6471,0.7
6472,0.75
6473,0.73
6474,0.75
6475,0.65
6476,0.72
6477,0.73
6478,0.73
6479,0.75
6480,0.66
6481,0.74
6482,0.71
6483,0.73
6484,0.74
6485,0.69
6486,0.73
6487,0.74
6488,0.73
6489,0.75
6490,0.68
6491,0.73
6492,0.73
6493,0.73
6494,0.73
6495,0.72
6496,0.73
6497,0.74
6498,0.74
6499,0.75
6500,0.76
6501,0.74
6502,0.75
6503,0.77
6504,0.74
6505,0.75
6506,0.74
6507,0.77
6508,0.76
6509,0.77
6510,0.75
6511,0.78
6512,0.75
6513,0.76
6514,0.78
6515,0.76
6516,0.78
6517,0.78
6518,0.78
6519,0.78
6520,0.78
6521,0.79
6522,0.81
6523,0.78
6524,0.79
6525,0.75
6526,0.79
6527,0.79
6528,0.79
6529,0.79
6530,0.77
6531,0.79
6532,0.79
6533,0.78
6534,0.78
6535,0.73
6536,0.76
6537,0.79
6538,0.78
6539,0.77
6540,0.72
6541,0.77
6542,0.78
6543,0.79
6544,0.79
6545,0.76
6546,0.76
6547,0.77
6548,0.78
6549,0.78
6550,0.76
6551,0.78
6552,0.78
6553,0.8
6554,0.78
6555,0.76
6556,0.77
6557,0.76
6558,0.78
6559,0.77
6560,0.74
6561,0.76
6562,0.76
6563,0.78
6564,0.78
6565,0.74
6566,0.75
6567,0.75
6568,0.76
6569,0.77
6570,0.76
6571,0.76
6572,0.76
6573,0.77
6574,0.77
6575,0.77
6576,0.76
6577,0.75
6578,0.78
6579,0.77
6580,0.75
6581,0.76
6582,0.75
6583,0.79
6584,0.78
6585,0.73
6586,0.76
6587,0.75
6588,0.77
6589,0.76
6590,0.72
6591,0.76
6592,0.76
6593,0.77
6594,0.78
6595,0.72
6596,0.77
6597,0.77
6598,0.8
6599,0.78
6600,0.55
6601,0.56
6602,0.71
6603,0.58
6604,0.61
6605,0.65
6606,0.7
6607,0.72
6608,0.74
6609,0.7
6610,0.64
6611,0.67
6612,0.73
6613,0.76
6614,0.73
6615,0.74
6616,0.72
6617,0.73
6618,0.74
6619,0.74
6620,0.7
6621,0.77
6622,0.76
6623,0.76
6624,0.76
6625,0.67
6626,0.74
6627,0.75
6628,0.79
6629,0.75
6630,0.7
6631,0.76
6632,0.73
6633,0.77
6634,0.73
6635,0.73
6636,0.78
6637,0.73
6638,0.74
6639,0.76
6640,0.72
6641,0.76
6642,0.74
6643,0.77
6644,0.79
6645,0.74
6646,0.76
6647,0.76
6648,0.74
6649,0.78
6650,0.76
6651,0.75
6652,0.74
6653,0.76
6654,0.78
6655,0.75
6656,0.76
6657,0.75
6658,0.74
6659,0.76
6660,0.71
6661,0.73
6662,0.76
6663,0.72
6664,0.75
6665,0.71
6666,0.77
6667,0.75
6668,0.73
6669,0.75
6670,0.73
6671,0.74
6672,0.73
6673,0.74
6674,0.74
6675,0.79
6676,0.76
6677,0.75
6678,0.75
6679,0.77
6680,0.74
6681,0.79
6682,0.76
6683,0.73
6684,0.78
6685,0.75
6686,0.75
6687,0.74
6688,0.74
6689,0.79
6690,0.75
6691,0.76
6692,0.75
6693,0.73
6694,0.77
6695,0.77
6696,0.8
6697,0.78
6698,0.76
6699,0.78
6700,0.78
6701,0.8
6702,0.81
6703,0.77
6704,0.78
6705,0.77
6706,0.78
6707,0.8
6708,0.79
6709,0.77
6710,0.77
6711,0.8
6712,0.81
6713,0.76
6714,0.77
6715,0.75
6716,0.8
6717,0.8
6718,0.76
6719,0.78
6720,0.78
6721,0.81
6722,0.81
6723,0.77
6724,0.8
6725,0.79
6726,0.82
6727,0.8
6728,0.78
6729,0.8
6730,0.77
6731,0.82
6732,0.82
6733,0.76
6734,0.79
6735,0.76
6736,0.83
6737,0.81
6738,0.75
6739,0.8
6740,0.75
6741,0.79
6742,0.79
6743,0.78
6744,0.8
6745,0.76
6746,0.79
6747,0.78
6748,0.78
6749,0.81
6750,0.74
6751,0.79
6752,0.8
6753,0.79
6754,0.79
6755,0.78
6756,0.79
6757,0.8
6758,0.79
6759,0.78
6760,0.77
6761,0.8
6762,0.81
6763,0.78
6764,0.78
6765,0.78
6766,0.8
6767,0.81
6768,0.79
6769,0.78
6770,0.79
6771,0.79
6772,0.82
6773,0.79
6774,0.78
6775,0.78
6776,0.78
6777,0.8
6778,0.79
6779,0.79
6780,0.79
6781,0.79
6782,0.82
6783,0.8
6784,0.79
6785,0.79
6786,0.81
6787,0.83
6788,0.82
6789,0.79
6790,0.79
6791,0.8
6792,0.83
6793,0.8
6794,0.8
6795,0.8
6796,0.79
6797,0.82
6798,0.76
6799,0.79
6800,0.51
6801,0.54
6802,0.58
6803,0.57
6804,0.63
6805,0.52
6806,0.59
6807,0.62
6808,0.67
6809,0.69
6810,0.57
6811,0.7
6812,0.7
6813,0.73
6814,0.74
6815,0.6
6816,0.68
6817,0.73
6818,0.77
6819,0.71
6820,0.65
6821,0.65
6822,0.69
6823,0.68
6824,0.7
6825,0.65
6826,0.67
6827,0.65
6828,0.69
6829,0.73
6830,0.65
6831,0.69
6832,0.7
6833,0.74
6834,0.77
6835,0.68
6836,0.74
6837,0.72
6838,0.74
6839,0.79
6840,0.7
6841,0.73
6842,0.73
6843,0.72
6844,0.77
6845,0.7
6846,0.72
6847,0.74
6848,0.74
6849,0.79
6850,0.71
6851,0.73
6852,0.77
6853,0.77
6854,0.73
6855,0.71
6856,0.73
6857,0.76
6858,0.77
6859,0.76
6860,0.69
6861,0.73
6862,0.74
6863,0.76
6864,0.78
6865,0.72
6866,0.75
6867,0.78
6868,0.79
6869,0.79
6870,0.72
6871,0.73
6872,0.74
6873,0.76
6874,0.76
6875,0.73
6876,0.77
6877,0.78
6878,0.78
6879,0.77
6880,0.74
6881,0.76
6882,0.76
6883,0.79
6884,0.76
6885,0.73
6886,0.73
6887,0.74
6888,0.77
6889,0.76
6890,0.72
6891,0.75
6892,0.76
6893,0.77
6894,0.76
6895,0.74
6896,0.79
6897,0.77
6898,0.79
6899,0.76
6900,0.75
6901,0.76
6902,0.78
6903,0.79
6904,0.78
6905,0.73
6906,0.74
6907,0.78
6908,0.79
6909,0.76
6910,0.73
6911,0.74
6912,0.77
6913,0.81
6914,0.78
6915,0.74
6916,0.76
6917,0.79
6918,0.81
6919,0.78
6920,0.74
6921,0.74
6922,0.79
6923,0.82
6924,0.81
6925,0.73
6926,0.74
6927,0.78
6928,0.83
6929,0.82
6930,0.72
6931,0.74
6932,0.79
6933,0.81
6934,0.81
6935,0.74
6936,0.76
6937,0.78
6938,0.83
6939,0.81
6940,0.73
6941,0.77
6942,0.79
6943,0.82
6944,0.82
6945,0.73
6946,0.76
6947,0.78
6948,0.8
6949,0.81
6950,0.74
6951,0.75
6952,0.8
6953,0.81
6954,0.84
6955,0.73
6956,0.76
6957,0.81
6958,0.8
6959,0.8
6960,0.74
6961,0.76
6962,0.81
6963,0.79
6964,0.81
6965,0.74
6966,0.76
6967,0.81
6968,0.82
6969,0.8
6970,0.74
6971,0.77
6972,0.81
6973,0.82
6974,0.8
6975,0.76
6976,0.77
6977,0.82
6978,0.82
6979,0.81
6980,0.75
6981,0.77
6982,0.81
6983,0.81
6984,0.79
6985,0.75
6986,0.77
6987,0.77
6988,0.8
6989,0.79
6990,0.75
6991,0.77
6992,0.77
6993,0.81
6994,0.81
6995,0.76
6996,0.77
6997,0.79
6998,0.8
6999,0.81
7000,0.47
7001,0.61
7002,0.61
7003,0.59
7004,0.58
7005,0.6
7006,0.65
7007,0.67
7008,0.65
7009,0.66
7010,0.64
7011,0.67
7012,0.71
7013,0.71
7014,0.7
7015,0.7
7016,0.68
7017,0.72
7018,0.71
7019,0.73
7020,0.66
7021,0.73
7022,0.76
7023,0.78
7024,0.75
7025,0.62
7026,0.75
7027,0.79
7028,0.78
7029,0.8
7030,0.65
7031,0.74
7032,0.72
7033,0.74
7034,0.78
7035,0.7
7036,0.71
7037,0.74
7038,0.75
7039,0.73
7040,0.69
7041,0.72
7042,0.73
7043,0.77
7044,0.74
7045,0.67
7046,0.74
7047,0.74
7048,0.75
7049,0.75
7050,0.69
7051,0.73
7052,0.74
7053,0.74
7054,0.74
7055,0.69
7056,0.75
7057,0.72
7058,0.72
7059,0.74
7060,0.69
7061,0.71
7062,0.73
7063,0.73
7064,0.73
7065,0.7
7066,0.72
7067,0.71
7068,0.74
7069,0.74
7070,0.71
7071,0.76
7072,0.74
7073,0.76
7074,0.76
7075,0.75
7076,0.78
7077,0.73
7078,0.77
7079,0.76
7080,0.77
7081,0.75
7082,0.75
7083,0.75
7084,0.75
7085,0.76
7086,0.76
7087,0.75
7088,0.76
7089,0.75
7090,0.75
7091,0.78
7092,0.78
7093,0.76
7094,0.76
7095,0.76
7096,0.79
7097,0.76
7098,0.76
7099,0.77
7100,0.78
7101,0.79
7102,0.78
7103,0.77
7104,0.79
7105,0.78
7106,0.82
7107,0.78
7108,0.78
7109,0.78
7110,0.8
7111,0.79
7112,0.76
7113,0.8
7114,0.81
7115,0.77
7116,0.83
7117,0.81
7118,0.83
7119,0.81
7120,0.78
7121,0.82
7122,0.81
7123,0.81
7124,0.8
7125,0.8
7126,0.81
7127,0.82
7128,0.8
7129,0.81
7130,0.81
7131,0.8
7132,0.8
7133,0.82
7134,0.82
7135,0.79
7136,0.8
7137,0.82
7138,0.83
7139,0.81
7140,0.81
7141,0.8
7142,0.82
7143,0.81
7144,0.82
7145,0.79
7146,0.82
7147,0.83
7148,0.81
7149,0.8
7150,0.83
7151,0.81
7152,0.84
7153,0.82
7154,0.81
7155,0.81
7156,0.8
7157,0.83
7158,0.82
7159,0.81
7160,0.8
7161,0.83
7162,0.83
7163,0.83
7164,0.8
7165,0.78
7166,0.82
7167,0.83
7168,0.82
7169,0.81
7170,0.79
7171,0.81
7172,0.83
7173,0.82
7174,0.8
7175,0.8
7176,0.83
7177,0.84
7178,0.8
7179,0.81
7180,0.8
7181,0.82
7182,0.83
7183,0.81
7184,0.82
7185,0.8
7186,0.82
7187,0.83
7188,0.81
7189,0.83
7190,0.79
7191,0.81
7192,0.82
7193,0.83
7194,0.83
7195,0.79
7196,0.83
7197,0.83
7198,0.82
7199,0.83
7200,0.54
7201,0.54
7202,0.68
7203,0.69
7204,0.67
7205,0.67
7206,0.67
7207,0.67
7208,0.63
7209,0.71
7210,0.63
7211,0.69
7212,0.73
7213,0.75
7214,0.75
7215,0.67
7216,0.7
7217,0.74
7218,0.75
7219,0.74
7220,0.66
7221,0.71
7222,0.72
7223,0.77
7224,0.74
7225,0.65
7226,0.73
7227,0.67
7228,0.73
7229,0.78
7230,0.68
7231,0.74
7232,0.74
7233,0.78
7234,0.8
7235,0.66
7236,0.74
7237,0.75
7238,0.76
7239,0.78
7240,0.66
7241,0.77
7242,0.75
7243,0.74
7244,0.76
7245,0.65
7246,0.77
7247,0.76
7248,0.77
7249,0.76
7250,0.65
7251,0.76
7252,0.76
7253,0.8
7254,0.76
7255,0.71
7256,0.78
7257,0.79
7258,0.79
7259,0.77
7260,0.71
7261,0.78
7262,0.78
7263,0.81
7264,0.76
7265,0.68
7266,0.78
7267,0.78
7268,0.81
7269,0.77
7270,0.68
7271,0.77
7272,0.79
7273,0.81
7274,0.79
7275,0.66
7276,0.77
7277,0.77
7278,0.8
7279,0.77
7280,0.68
7281,0.78
7282,0.79
7283,0.81
7284,0.79
7285,0.68
7286,0.78
7287,0.79
7288,0.8
7289,0.77
7290,0.68
7291,0.77
7292,0.78
7293,0.79
7294,0.79
7295,0.69
7296,0.77
7297,0.79
7298,0.79
7299,0.79
7300,0.71
7301,0.79
7302,0.78
7303,0.79
7304,0.8
7305,0.7
7306,0.8
7307,0.8
7308,0.81
7309,0.8
7310,0.71
7311,0.8
7312,0.79
7313,0.8
7314,0.8
7315,0.71
7316,0.81
7317,0.79
7318,0.8
7319,0.81
7320,0.73
7321,0.8
7322,0.8
7323,0.8
7324,0.8
7325,0.75
7326,0.8
7327,0.81
7328,0.8
7329,0.81
7330,0.72
7331,0.82
7332,0.8
7333,0.81
7334,0.8
7335,0.74
7336,0.81
7337,0.82
7338,0.8
7339,0.79
7340,0.74
7341,0.81
7342,0.82
7343,0.79
7344,0.79
7345,0.76
7346,0.81
7347,0.82
7348,0.81
7349,0.82
7350,0.77
7351,0.82
7352,0.83
7353,0.8
7354,0.81
7355,0.76
7356,0.8
7357,0.84
7358,0.79
7359,0.83
7360,0.79
7361,0.8
7362,0.83
7363,0.82
7364,0.82
7365,0.79
7366,0.8
7367,0.84
7368,0.81
7369,0.81
7370,0.79
7371,0.82
7372,0.83
7373,0.81
7374,0.81
7375,0.79
7376,0.82
7377,0.82
7378,0.8
7379,0.8
7380,0.79
7381,0.82
7382,0.84
7383,0.81
7384,0.81
7385,0.8
7386,0.82
7387,0.81
7388,0.81
7389,0.8
7390,0.79
7391,0.82
7392,0.81
7393,0.82
7394,0.8
7395,0.78
7396,0.82
7397,0.83
7398,0.82
7399,0.81
7400,0.6
7401,0.61
7402,0.75
7403,0.67
7404,0.65
7405,0.52
7406,0.59
7407,0.62
7408,0.62
7409,0.65
7410,0.61
7411,0.66
7412,0.66
7413,0.67
7414,0.72
7415,0.66
7416,0.67
7417,0.76
7418,0.73
7419,0.75
7420,0.68
7421,0.69
7422,0.73
7423,0.77
7424,0.77
7425,0.65
7426,0.75
7427,0.78
7428,0.77
7429,0.81
7430,0.71
7431,0.72
7432,0.78
7433,0.78
7434,0.81
7435,0.73
7436,0.73
7437,0.75
7438,0.77
7439,0.75
7440,0.74
7441,0.74
7442,0.78
7443,0.74
7444,0.81
7445,0.73
7446,0.74
7447,0.78
7448,0.79
7449,0.8
7450,0.68
7451,0.72
7452,0.79
7453,0.77
7454,0.8
7455,0.73
7456,0.8
7457,0.78
7458,0.79
7459,0.81
7460,0.73
7461,0.78
7462,0.77
7463,0.79
7464,0.78
7465,0.77
7466,0.79
7467,0.77
7468,0.8
7469,0.8
7470,0.75
7471,0.78
7472,0.76
7473,0.8
7474,0.8
7475,0.77
7476,0.79
7477,0.79
7478,0.83
7479,0.8
7480,0.81
7481,0.81
7482,0.79
7483,0.84
7484,0.82
7485,0.79
7486,0.84
7487,0.82
7488,0.84
7489,0.8
7490,0.81
7491,0.83
7492,0.81
7493,0.84
7494,0.81
7495,0.8
7496,0.83
7497,0.85
7498,0.87
7499,0.83
7500,0.82
7501,0.8
7502,0.83
7503,0.85
7504,0.83
7505,0.82
7506,0.82
7507,0.86
7508,0.84
7509,0.82
7510,0.82
7511,0.83
7512,0.84
7513,0.83
7514,0.85
7515,0.83
7516,0.83
7517,0.85
7518,0.83
7519,0.84
7520,0.82
7521,0.84
7522,0.85
7523,0.83
7524,0.83
7525,0.8
7526,0.83
7527,0.85
7528,0.84
7529,0.84
7530,0.82
7531,0.83
7532,0.86
7533,0.83
7534,0.85
7535,0.82
7536,0.81
7537,0.84
7538,0.82
7539,0.84
7540,0.82
7541,0.83
7542,0.84
7543,0.82
7544,0.85
7545,0.81
7546,0.84
7547,0.85
7548,0.82
7549,0.84
7550,0.81
7551,0.85
7552,0.85
7553,0.82
7554,0.85
7555,0.79
7556,0.86
7557,0.85
7558,0.83
7559,0.85
7560,0.8
7561,0.84
7562,0.85
7563,0.82
7564,0.85
7565,0.81
7566,0.82
7567,0.85
7568,0.84
7569,0.84
7570,0.8
7571,0.84
7572,0.84
7573,0.83
7574,0.85
7575,0.79
7576,0.83
7577,0.85
7578,0.84
7579,0.84
7580,0.79
7581,0.83
7582,0.84
7583,0.83
7584,0.85
7585,0.79
7586,0.85
7587,0.84
7588,0.83
7589,0.85
7590,0.79
7591,0.85
7592,0.84
7593,0.82
7594,0.84
7595,0.79
7596,0.86
7597,0.84
7598,0.84
7599,0.84
7600,0.59
7601,0.54
7602,0.56
7603,0.63
7604,0.54
7605,0.57
7606,0.62
7607,0.61
7608,0.63
7609,0.63
7610,0.59
7611,0.58
7612,0.61
7613,0.67
7614,0.62
7615,0.64
7616,0.67
7617,0.68
7618,0.72
7619,0.72
7620,0.62
7621,0.65
7622,0.68
7623,0.68
7624,0.69
7625,0.63
7626,0.64
7627,0.69
7628,0.72
7629,0.71
7630,0.64
7631,0.65
7632,0.72
7633,0.74
7634,0.69
7635,0.66
7636,0.7
7637,0.72
7638,0.73
7639,0.73
7640,0.7
7641,0.68
7642,0.74
7643,0.74
7644,0.73
7645,0.7
7646,0.69
7647,0.7
7648,0.71
7649,0.7
7650,0.67
7651,0.71
7652,0.73
7653,0.73
7654,0.72
7655,0.68
7656,0.69
7657,0.73
7658,0.69
7659,0.73
7660,0.69
7661,0.72
7662,0.73
7663,0.7
7664,0.73
7665,0.7
7666,0.71
7667,0.71
7668,0.69
7669,0.75
7670,0.64
7671,0.73
7672,0.73
7673,0.72
7674,0.76
7675,0.68
7676,0.73
7677,0.75
7678,0.74
7679,0.76
7680,0.67
7681,0.75
7682,0.77
7683,0.74
7684,0.74
7685,0.69
7686,0.75
7687,0.77
7688,0.75
7689,0.75
7690,0.69
7691,0.74
7692,0.74
7693,0.76
7694,0.75
7695,0.74
7696,0.74
7697,0.74
7698,0.74
7699,0.76
7700,0.69
7701,0.73
7702,0.73
7703,0.74
7704,0.74
7705,0.7
7706,0.7
7707,0.71
7708,0.74
7709,0.76
7710,0.68
7711,0.74
7712,0.73
7713,0.72
7714,0.75
7715,0.7
7716,0.74
7717,0.74
7718,0.73
7719,0.74
7720,0.7
7721,0.73
7722,0.73
7723,0.75
7724,0.75
7725,0.7
7726,0.74
7727,0.71
7728,0.73
7729,0.75
7730,0.71
7731,0.71
7732,0.73
7733,0.74
7734,0.76
7735,0.74
7736,0.71
7737,0.73
7738,0.75
7739,0.75
7740,0.74
7741,0.74
7742,0.74
7743,0.74
7744,0.77
7745,0.74
7746,0.75
7747,0.76
7748,0.75
7749,0.78
7750,0.74
7751,0.73
7752,0.75
7753,0.74
7754,0.77
7755,0.73
7756,0.73
7757,0.73
7758,0.75
7759,0.77
7760,0.73
7761,0.74
7762,0.74
7763,0.75
7764,0.78
7765,0.73
7766,0.74
7767,0.74
7768,0.74
7769,0.78
7770,0.75
7771,0.75
7772,0.73
7773,0.74
7774,0.77
7775,0.75
7776,0.76
7777,0.74
7778,0.75
7779,0.77
7780,0.74
7781,0.72
7782,0.72
7783,0.74
7784,0.77
7785,0.73
7786,0.72
7787,0.77
7788,0.78
7789,0.77
7790,0.74
7791,0.72
7792,0.78
7793,0.76
7794,0.79
7795,0.73
7796,0.72
7797,0.76
7798,0.76
7799,0.79
7800,0.56
7801,0.57
7802,0.61
7803,0.51
7804,0.53
7805,0.57
7806,0.64
7807,0.67
7808,0.63
7809,0.61
7810,0.65
7811,0.7
7812,0.73
7813,0.72
7814,0.71
7815,0.69
7816,0.69
7817,0.73
7818,0.72
7819,0.71
7820,0.72
7821,0.74
7822,0.79
7823,0.8
7824,0.76
7825,0.69
7826,0.77
7827,0.79
7828,0.8
7829,0.79
7830,0.68
7831,0.77
7832,0.79
7833,0.8
7834,0.75
7835,0.73
7836,0.78
7837,0.82
7838,0.8
7839,0.77
7840,0.7
7841,0.79
7842,0.84
7843,0.8
7844,0.75
7845,0.67
7846,0.8
7847,0.8
7848,0.8
7849,0.77
7850,0.65
7851,0.81
7852,0.79
7853,0.8
7854,0.78
7855,0.67
7856,0.78
7857,0.76
7858,0.77
7859,0.78
7860,0.69
7861,0.8
7862,0.76
7863,0.79
7864,0.8
7865,0.72
7866,0.8
7867,0.77
7868,0.79
7869,0.8
7870,0.71
7871,0.81
7872,0.75
7873,0.76
7874,0.8
7875,0.75
7876,0.8
7877,0.77
7878,0.8
7879,0.78
7880,0.76
7881,0.83
7882,0.78
7883,0.81
7884,0.8
7885,0.76
7886,0.82
7887,0.77
7888,0.81
7889,0.8
7890,0.74
7891,0.81
7892,0.78
7893,0.81
7894,0.81
7895,0.78
7896,0.84
7897,0.81
7898,0.81
7899,0.84
7900,0.77
7901,0.84
7902,0.82
7903,0.83
7904,0.85
7905,0.76
7906,0.85
7907,0.82
7908,0.83
7909,0.85
7910,0.78
7911,0.84
7912,0.82
7913,0.83
7914,0.84
7915,0.78
7916,0.84
7917,0.84
7918,0.83
7919,0.85
7920,0.8
7921,0.84
7922,0.84
7923,0.83
7924,0.85
7925,0.81
7926,0.86
7927,0.85
7928,0.83
7929,0.85
7930,0.8
7931,0.85
7932,0.83
7933,0.82
7934,0.84
7935,0.79
7936,0.85
7937,0.81
7938,0.85
7939,0.84
7940,0.77
7941,0.85
7942,0.81
7943,0.84
7944,0.84
7945,0.79
7946,0.85
7947,0.83
7948,0.85
7949,0.85
7950,0.78
7951,0.86
7952,0.85
7953,0.84
7954,0.86
7955,0.8
7956,0.87
7957,0.84
7958,0.84
7959,0.87
7960,0.81
7961,0.85
7962,0.83
7963,0.84
7964,0.88
7965,0.8
7966,0.83
7967,0.82
7968,0.85
7969,0.86
7970,0.79
7971,0.85
7972,0.82
7973,0.87
7974,0.86
7975,0.81
7976,0.84
7977,0.84
7978,0.86
7979,0.85
7980,0.81
7981,0.85
7982,0.83
7983,0.86
7984,0.86
7985,0.81
7986,0.86
7987,0.83
7988,0.86
7989,0.85
7990,0.81
7991,0.87
7992,0.82
7993,0.86
7994,0.85
7995,0.78
7996,0.87
7997,0.83
7998,0.85
7999,0.85
8000,0.65
8001,0.51
8002,0.55
8003,0.57
8004,0.61
8005,0.62
8006,0.68
8007,0.69
8008,0.66
8009,0.68
8010,0.61
8011,0.63
8012,0.67
8013,0.63
8014,0.66
8015,0.66
8016,0.67
8017,0.71
8018,0.7
8019,0.74
8020,0.68
8021,0.71
8022,0.72
8023,0.74
8024,0.74
8025,0.71
8026,0.78
8027,0.71
8028,0.79
8029,0.74
8030,0.72
8031,0.76
8032,0.73
8033,0.79
8034,0.79
8035,0.75
8036,0.75
8037,0.73
8038,0.77
8039,0.78
8040,0.74
8041,0.79
8042,0.76
8043,0.76
8044,0.75
8045,0.71
8046,0.78
8047,0.76
8048,0.76
8049,0.76
8050,0.72
8051,0.79
8052,0.75
8053,0.78
8054,0.77
8055,0.69
8056,0.78
8057,0.76
8058,0.75
8059,0.75
8060,0.68
8061,0.77
8062,0.77
8063,0.75
8064,0.75
8065,0.68
8066,0.73
8067,0.78
8068,0.76
8069,0.75
8070,0.68
8071,0.72
8072,0.73
8073,0.75
8074,0.73
8075,0.68
8076,0.74
8077,0.74
8078,0.76
8079,0.75
8080,0.7
8081,0.76
8082,0.78
8083,0.77
8084,0.76
8085,0.7
8086,0.76
8087,0.79
8088,0.78
8089,0.76
8090,0.71
8091,0.76
8092,0.78
8093,0.79
8094,0.77
8095,0.76
8096,0.79
8097,0.78
8098,0.78
8099,0.79
8100,0.78
8101,0.82
8102,0.79
8103,0.8
8104,0.81
8105,0.77
8106,0.81
8107,0.81
8108,0.81
8109,0.82
8110,0.76
8111,0.83
8112,0.8
8113,0.82
8114,0.81
8115,0.75
8116,0.8
8117,0.81
8118,0.82
8119,0.79
8120,0.78
8121,0.83
8122,0.8
8123,0.81
8124,0.8
8125,0.77
8126,0.83
8127,0.8
8128,0.82
8129,0.79
8130,0.77
8131,0.85
8132,0.82
8133,0.84
8134,0.82
8135,0.75
8136,0.84
8137,0.81
8138,0.84
8139,0.84
8140,0.75
8141,0.84
8142,0.81
8143,0.84
8144,0.82
8145,0.75
8146,0.83
8147,0.83
8148,0.84
8149,0.84
8150,0.74
8151,0.84
8152,0.83
8153,0.82
8154,0.81
8155,0.73
8156,0.83
8157,0.83
8158,0.83
8159,0.82
8160,0.72
8161,0.82
8162,0.82
8163,0.82
8164,0.82
8165,0.73
8166,0.83
8167,0.82
8168,0.82
8169,0.82
8170,0.76
8171,0.84
8172,0.81
8173,0.83
8174,0.83
8175,0.73
8176,0.81
8177,0.83
8178,0.82
8179,0.83
8180,0.73
8181,0.82
8182,0.83
8183,0.82
8184,0.83
8185,0.74
8186,0.82
8187,0.83
8188,0.83
8189,0.83
8190,0.76
8191,0.84
8192,0.85
8193,0.82
8194,0.83
8195,0.75
8196,0.84
8197,0.85
8198,0.83
8199,0.83
8200,0.49
8201,0.61
8202,0.58
8203,0.56
8204,0.64
8205,0.56
8206,0.65
8207,0.63
8208,0.69
8209,0.68
8210,0.53
8211,0.63
8212,0.65
8213,0.69
8214,0.71
8215,0.59
8216,0.68
8217,0.66
8218,0.68
8219,0.68
8220,0.6
8221,0.71
8222,0.64
8223,0.72
8224,0.7
8225,0.62
8226,0.71
8227,0.64
8228,0.75
8229,0.71
8230,0.69
8231,0.74
8232,0.77
8233,0.81
8234,0.8
8235,0.68
8236,0.75
8237,0.73
8238,0.8
8239,0.81
8240,0.65
8241,0.74
8242,0.75
8243,0.77
8244,0.83
8245,0.68
8246,0.76
8247,0.76
8248,0.79
8249,0.81
8250,0.69
8251,0.74
8252,0.76
8253,0.77
8254,0.79
8255,0.7
8256,0.73
8257,0.76
8258,0.77
8259,0.79
8260,0.69
8261,0.76
8262,0.8
8263,0.81
8264,0.81
8265,0.71
8266,0.74
8267,0.77
8268,0.8
8269,0.8
8270,0.72
8271,0.73
8272,0.77
8273,0.8
8274,0.8
8275,0.68
8276,0.76
8277,0.79
8278,0.79
8279,0.79
8280,0.73
8281,0.76
8282,0.78
8283,0.78
8284,0.79
8285,0.71
8286,0.75
8287,0.78
8288,0.79
8289,0.79
8290,0.7
8291,0.74
8292,0.77
8293,0.78
8294,0.77
8295,0.69
8296,0.76
8297,0.74
8298,0.78
8299,0.78
8300,0.68
8301,0.75
8302,0.78
8303,0.78
8304,0.78
8305,0.69
8306,0.75
8307,0.76
8308,0.78
8309,0.79
8310,0.69
8311,0.74
8312,0.78
8313,0.79
8314,0.8
8315,0.68
8316,0.74
8317,0.78
8318,0.78
8319,0.77
8320,0.69
8321,0.75
8322,0.79
8323,0.79
8324,0.77
8325,0.69
8326,0.76
8327,0.79
8328,0.79
8329,0.77
8330,0.68
8331,0.78
8332,0.81
8333,0.78
8334,0.77
8335,0.68
8336,0.78
8337,0.81
8338,0.8
8339,0.77
8340,0.67
8341,0.77
8342,0.81
8343,0.79
8344,0.77
8345,0.68
8346,0.74
8347,0.78
8348,0.79
8349,0.79
8350,0.69
8351,0.76
8352,0.8
8353,0.8
8354,0.8
8355,0.64
8356,0.76
8357,0.8
8358,0.77
8359,0.79
8360,0.67
8361,0.77
8362,0.79
8363,0.77
8364,0.78
8365,0.66
8366,0.77
8367,0.8
8368,0.77
8369,0.77
8370,0.66
8371,0.77
8372,0.79
8373,0.77
8374,0.77
8375,0.65
8376,0.75
8377,0.79
8378,0.78
8379,0.78
8380,0.65
8381,0.76
8382,0.79
8383,0.79
8384,0.76
8385,0.67
8386,0.76
8387,0.79
8388,0.78
8389,0.77
8390,0.69
8391,0.76
8392,0.8
8393,0.78
8394,0.78
8395,0.68
8396,0.75
8397,0.8
8398,0.79
8399,0.76
8400,0.51
8401,0.64
8402,0.61
8403,0.68
8404,0.61
8405,0.58
8406,0.7
8407,0.7
8408,0.72
8409,0.69
8410,0.64
8411,0.73
8412,0.75
8413,0.76
8414,0.7
8415,0.68
8416,0.74
8417,0.75
8418,0.78
8419,0.72
8420,0.7
8421,0.78
8422,0.76
8423,0.77
8424,0.78
8425,0.75
8426,0.8
8427,0.82
8428,0.8
8429,0.8
8430,0.75
8431,0.81
8432,0.84
8433,0.83
8434,0.83
8435,0.76
8436,0.83
8437,0.83
8438,0.82
8439,0.81
8440,0.78
8441,0.85
8442,0.8
8443,0.82
8444,0.79
8445,0.76
8446,0.84
8447,0.8
8448,0.82
8449,0.8
8450,0.72
8451,0.86
8452,0.86
8453,0.83
8454,0.82
8455,0.77
8456,0.86
8457,0.86
8458,0.84
8459,0.83
8460,0.79
8461,0.84
8462,0.85
8463,0.83
8464,0.86
8465,0.8
8466,0.87
8467,0.85
8468,0.81
8469,0.87
8470,0.82
8471,0.86
8472,0.88
8473,0.82
8474,0.87
8475,0.78
8476,0.85
8477,0.88
8478,0.85
8479,0.84
8480,0.8
8481,0.86
8482,0.87
8483,0.84
8484,0.83
8485,0.82
8486,0.84
8487,0.86
8488,0.82
8489,0.85
8490,0.83
8491,0.83
8492,0.86
8493,0.84
8494,0.85
8495,0.86
8496,0.84
8497,0.87
8498,0.85
8499,0.85
8500,0.85
8501,0.83
8502,0.85
8503,0.87
8504,0.85
8505,0.84
8506,0.82
8507,0.86
8508,0.88
8509,0.84
8510,0.84
8511,0.83
8512,0.87
8513,0.88
8514,0.87
8515,0.84
8516,0.84
8517,0.86
8518,0.86
8519,0.87
8520,0.82
8521,0.84
8522,0.87
8523,0.85
8524,0.86
8525,0.84
8526,0.84
8527,0.87
8528,0.86
8529,0.85
8530,0.84
8531,0.84
8532,0.88
8533,0.85
8534,0.86
8535,0.81
8536,0.84
8537,0.88
8538,0.86
8539,0.87
8540,0.81
8541,0.86
8542,0.89
8543,0.86
8544,0.86
8545,0.81
8546,0.86
8547,0.88
8548,0.85
8549,0.87
8550,0.82
8551,0.85
8552,0.88
8553,0.85
8554,0.86
8555,0.82
8556,0.86
8557,0.88
8558,0.85
8559,0.86
8560,0.83
8561,0.86
8562,0.86
8563,0.85
8564,0.86
8565,0.8
8566,0.85
8567,0.87
8568,0.86
8569,0.87
8570,0.8
8571,0.85
8572,0.86
8573,0.86
8574,0.87
8575,0.78
8576,0.85
8577,0.84
8578,0.86
8579,0.86
8580,0.79
8581,0.85
8582,0.86
8583,0.86
8584,0.86
8585,0.81
8586,0.86
8587,0.86
8588,0.86
8589,0.87
8590,0.82
8591,0.85
8592,0.85
8593,0.86
8594,0.87
8595,0.8
8596,0.85
8597,0.87
8598,0.85
8599,0.86
8600,0.45
8601,0.57
8602,0.68
8603,0.61
8604,0.56
8605,0.66
8606,0.62
8607,0.68
8608,0.68
8609,0.68
8610,0.71
8611,0.68
8612,0.71
8613,0.76
8614,0.77
8615,0.71
8616,0.68
8617,0.75
8618,0.75
8619,0.76
8620,0.7
8621,0.7
8622,0.71
8623,0.74
8624,0.74
8625,0.74
8626,0.7
8627,0.7
8628,0.73
8629,0.76
8630,0.71
8631,0.73
8632,0.69
8633,0.75
8634,0.76
8635,0.74
8636,0.72
8637,0.71
8638,0.73
8639,0.74
8640,0.74
8641,0.71
8642,0.74
8643,0.75
8644,0.77
8645,0.7
8646,0.74
8647,0.73
8648,0.75
8649,0.77
8650,0.7
8651,0.74
8652,0.72
8653,0.79
8654,0.78
8655,0.73
8656,0.69
8657,0.71
8658,0.78
8659,0.75
8660,0.71
8661,0.71
8662,0.73
8663,0.77
8664,0.75
8665,0.72
8666,0.73
8667,0.74
8668,0.76
8669,0.76
8670,0.73
8671,0.73
8672,0.77
8673,0.77
8674,0.78
8675,0.71
8676,0.72
8677,0.77
8678,0.78
8679,0.77
8680,0.73
8681,0.74
8682,0.8
8683,0.79
8684,0.79
8685,0.72
8686,0.73
8687,0.8
8688,0.76
8689,0.79
8690,0.71
8691,0.73
8692,0.8
8693,0.76
8694,0.78
8695,0.73
8696,0.76
8697,0.79
8698,0.79
8699,0.79
8700,0.73
8701,0.77
8702,0.81
8703,0.79
8704,0.82
8705,0.75
8706,0.74
8707,0.77
8708,0.78
8709,0.78
8710,0.75
8711,0.75
8712,0.79
8713,0.78
8714,0.77
8715,0.77
8716,0.76
8717,0.82
8718,0.8
8719,0.8
8720,0.75
8721,0.76
8722,0.83
8723,0.79
8724,0.81
8725,0.74
8726,0.77
8727,0.78
8728,0.8
8729,0.81
8730,0.77
8731,0.76
8732,0.8
8733,0.8
8734,0.8
8735,0.76
8736,0.75
8737,0.82
8738,0.8
8739,0.81
8740,0.78
8741,0.77
8742,0.84
8743,0.8
8744,0.82
8745,0.76
8746,0.76
8747,0.85
8748,0.79
8749,0.82
8750,0.76
8751,0.79
8752,0.82
8753,0.78
8754,0.82
8755,0.75
8756,0.76
8757,0.83
8758,0.79
8759,0.8
8760,0.76
8761,0.8
8762,0.84
8763,0.82
8764,0.83
8765,0.75
8766,0.78
8767,0.86
8768,0.8
8769,0.82
8770,0.76
8771,0.78
8772,0.85
8773,0.82
8774,0.82
8775,0.75
8776,0.79
8777,0.85
8778,0.81
8779,0.83
8780,0.76
8781,0.79
8782,0.84
8783,0.81
8784,0.82
8785,0.76
8786,0.8
8787,0.83
8788,0.81
8789,0.82
8790,0.76
8791,0.79
8792,0.83
8793,0.8
8794,0.82
8795,0.76
8796,0.79
8797,0.83
8798,0.82
8799,0.82
8800,0.58
8801,0.39
8802,0.49
8803,0.5
8804,0.49
8805,0.57
8806,0.6
8807,0.53
8808,0.56
8809,0.58
8810,0.62
8811,0.65
8812,0.71
8813,0.67
8814,0.65
8815,0.6
8816,0.65
8817,0.71
8818,0.68
8819,0.68
8820,0.64
8821,0.72
8822,0.78
8823,0.75
8824,0.71
8825,0.68
8826,0.76
8827,0.77
8828,0.77
8829,0.72
8830,0.72
8831,0.79
8832,0.76
8833,0.79
8834,0.75
8835,0.73
8836,0.79
8837,0.76
8838,0.8
8839,0.75
8840,0.75
8841,0.79
8842,0.78
8843,0.77
8844,0.74
8845,0.75
8846,0.78
8847,0.78
8848,0.79
8849,0.77
8850,0.72
8851,0.81
8852,0.76
8853,0.79
8854,0.78
8855,0.72
8856,0.76
8857,0.75
8858,0.79
8859,0.8
8860,0.75
8861,0.78
8862,0.76
8863,0.79
8864,0.81
8865,0.71
8866,0.77
8867,0.78
8868,0.81
8869,0.81
8870,0.78
8871,0.78
8872,0.77
8873,0.77
8874,0.79
8875,0.75
8876,0.77
8877,0.76
8878,0.79
8879,0.8
8880,0.72
8881,0.79
8882,0.81
8883,0.8
8884,0.8
8885,0.73
8886,0.77
8887,0.81
8888,0.79
8889,0.79
8890,0.75
8891,0.77
8892,0.81
8893,0.79
8894,0.79
8895,0.76
8896,0.79
8897,0.82
8898,0.81
8899,0.8
8900,0.77
8901,0.8
8902,0.82
8903,0.82
8904,0.81
8905,0.78
8906,0.78
8907,0.81
8908,0.81
8909,0.81
8910,0.77
8911,0.77
8912,0.8
8913,0.81
8914,0.8
8915,0.77
8916,0.8
8917,0.81
8918,0.82
8919,0.81
8920,0.77
8921,0.77
8922,0.8
8923,0.81
8924,0.79
8925,0.77
8926,0.78
8927,0.8
8928,0.81
8929,0.78
8930,0.78
8931,0.78
8932,0.81
8933,0.81
8934,0.78
8935,0.78
8936,0.78
8937,0.82
8938,0.82
8939,0.81
8940,0.78
8941,0.79
8942,0.83
8943,0.82
8944,0.82
8945,0.78
8946,0.8
8947,0.82
8948,0.82
8949,0.81
8950,0.77
8951,0.81
8952,0.81
8953,0.82
8954,0.82
8955,0.8
8956,0.82
8957,0.83
8958,0.83
8959,0.81
8960,0.79
8961,0.81
8962,0.83
8963,0.82
8964,0.81
8965,0.8
8966,0.83
8967,0.84
8968,0.82
8969,0.8
8970,0.8
8971,0.83
8972,0.84
8973,0.81
8974,0.81
8975,0.8
8976,0.82
8977,0.83
8978,0.81
8979,0.81
8980,0.8
8981,0.81
8982,0.84
8983,0.82
8984,0.82
8985,0.8
8986,0.8
8987,0.82
8988,0.81
8989,0.82
8990,0.81
8991,0.8
8992,0.83
8993,0.82
8994,0.8
8995,0.8
8996,0.83
8997,0.84
8998,0.81
8999,0.81
9000,0.56
9001,0.53
9002,0.56
9003,0.57
9004,0.66
9005,0.57
9006,0.6
9007,0.69
9008,0.71
9009,0.68
9010,0.59
9011,0.64
9012,0.7
9013,0.72
9014,0.73
9015,0.56
9016,0.71
9017,0.65
9018,0.7
9019,0.69
9020,0.57
9021,0.7
9022,0.65
9023,0.74
9024,0.72
9025,0.54
9026,0.68
9027,0.66
9028,0.71
9029,0.74
9030,0.56
9031,0.7
9032,0.67
9033,0.76
9034,0.76
9035,0.54
9036,0.72
9037,0.72
9038,0.77
9039,0.77
9040,0.56
9041,0.72
9042,0.76
9043,0.76
9044,0.78
9045,0.55
9046,0.73
9047,0.73
9048,0.76
9049,0.78
9050,0.55
9051,0.71
9052,0.72
9053,0.75
9054,0.79
9055,0.57
9056,0.73
9057,0.73
9058,0.73
9059,0.77
9060,0.53
9061,0.72
9062,0.74
9063,0.73
9064,0.78
9065,0.53
9066,0.73
9067,0.73
9068,0.74
9069,0.78
9070,0.53
9071,0.72
9072,0.76
9073,0.75
9074,0.79
9075,0.58
9076,0.68
9077,0.78
9078,0.76
9079,0.81
9080,0.54
9081,0.7
9082,0.76
9083,0.78
9084,0.8
9085,0.57
9086,0.69
9087,0.76
9088,0.77
9089,0.8
9090,0.56
9091,0.7
9092,0.79
9093,0.78
9094,0.8
9095,0.58
9096,0.71
9097,0.8
9098,0.78
9099,0.82
9100,0.58
9101,0.72
9102,0.83
9103,0.79
9104,0.81
9105,0.6
9106,0.71
9107,0.82
9108,0.79
9109,0.83
9110,0.61
9111,0.73
9112,0.8
9113,0.8
9114,0.82
9115,0.6
9116,0.74
9117,0.81
9118,0.82
9119,0.83
9120,0.61
9121,0.76
9122,0.81
9123,0.82
9124,0.81
9125,0.62
9126,0.73
9127,0.8
9128,0.84
9129,0.82
9130,0.64
9131,0.76
9132,0.82
9133,0.83
9134,0.83
9135,0.62
9136,0.76
9137,0.81
9138,0.82
9139,0.82
9140,0.62
9141,0.76
9142,0.82
9143,0.84
9144,0.82
9145,0.62
9146,0.76
9147,0.81
9148,0.84
9149,0.82
9150,0.61
9151,0.78
9152,0.81
9153,0.83
9154,0.84
9155,0.63
9156,0.78
9157,0.83
9158,0.83
9159,0.83
9160,0.62
9161,0.8
9162,0.83
9163,0.82
9164,0.84
9165,0.62
9166,0.79
9167,0.85
9168,0.81
9169,0.84
9170,0.63
9171,0.78
9172,0.82
9173,0.81
9174,0.83
9175,0.63
9176,0.78
9177,0.83
9178,0.82
9179,0.84
9180,0.63
9181,0.77
9182,0.82
9183,0.82
9184,0.82
9185,0.63
9186,0.78
9187,0.82
9188,0.81
9189,0.82
9190,0.63
9191,0.79
9192,0.8
9193,0.8
9194,0.83
9195,0.6
9196,0.77
9197,0.8
9198,0.79
9199,0.83
9200,0.54
9201,0.46
9202,0.57
9203,0.55
9204,0.56
9205,0.6
9206,0.57
9207,0.67
9208,0.66
9209,0.69
9210,0.68
9211,0.72
9212,0.76
9213,0.71
9214,0.75
9215,0.7
9216,0.7
9217,0.75
9218,0.73
9219,0.75
9220,0.68
9221,0.71
9222,0.73
9223,0.7
9224,0.71
9225,0.68
9226,0.74
9227,0.71
9228,0.72
9229,0.68
9230,0.7
9231,0.71
9232,0.67
9233,0.71
9234,0.68
9235,0.75
9236,0.8
9237,0.77
9238,0.74
9239,0.74
9240,0.74
9241,0.82
9242,0.77
9243,0.75
9244,0.77
9245,0.71
9246,0.8
9247,0.78
9248,0.74
9249,0.76
9250,0.72
9251,0.82
9252,0.79
9253,0.75
9254,0.78
9255,0.78
9256,0.86
9257,0.77
9258,0.76
9259,0.77
9260,0.77
9261,0.8
9262,0.76
9263,0.73
9264,0.77
9265,0.78
9266,0.81
9267,0.75
9268,0.76
9269,0.74
9270,0.76
9271,0.8
9272,0.78
9273,0.76
9274,0.74
9275,0.77
9276,0.81
9277,0.74
9278,0.77
9279,0.76
9280,0.79
9281,0.82
9282,0.76
9283,0.75
9284,0.74
9285,0.79
9286,0.81
9287,0.79
9288,0.77
9289,0.77
9290,0.79
9291,0.82
9292,0.82
9293,0.79
9294,0.81
9295,0.81
9296,0.84
9297,0.81
9298,0.8
9299,0.81
9300,0.8
9301,0.82
9302,0.83
9303,0.8
9304,0.81
9305,0.8
9306,0.84
9307,0.82
9308,0.82
9309,0.81
9310,0.79
9311,0.82
9312,0.84
9313,0.83
9314,0.82
9315,0.82
9316,0.83
9317,0.84
9318,0.8
9319,0.8
9320,0.8
9321,0.82
9322,0.81
9323,0.8
9324,0.8
9325,0.8
9326,0.82
9327,0.81
9328,0.79
9329,0.79
9330,0.83
9331,0.85
9332,0.83
9333,0.82
9334,0.8
9335,0.83
9336,0.85
9337,0.81
9338,0.81
9339,0.82
9340,0.82
9341,0.85
9342,0.82
9343,0.79
9344,0.83
9345,0.81
9346,0.84
9347,0.83
9348,0.8
9349,0.82
9350,0.84
9351,0.83
9352,0.81
9353,0.79
9354,0.83
9355,0.83
9356,0.83
9357,0.84
9358,0.8
9359,0.84
9360,0.81
9361,0.81
9362,0.84
9363,0.83
9364,0.83
9365,0.82
9366,0.82
9367,0.85
9368,0.82
9369,0.84
9370,0.82
9371,0.83
9372,0.83
9373,0.85
9374,0.84
9375,0.82
9376,0.82
9377,0.83
9378,0.8
9379,0.83
9380,0.84
9381,0.84
9382,0.83
9383,0.8
9384,0.83
9385,0.83
9386,0.84
9387,0.82
9388,0.81
9389,0.82
9390,0.82
9391,0.84
9392,0.82
9393,0.8
9394,0.82
9395,0.83
9396,0.83
9397,0.85
9398,0.81
9399,0.83
9400,0.49
9401,0.4
9402,0.58
9403,0.48
9404,0.52
9405,0.63
9406,0.6
9407,0.63
9408,0.63
9409,0.66
9410,0.64
9411,0.6
9412,0.63
9413,0.65
9414,0.66
9415,0.68
9416,0.69
9417,0.69
9418,0.68
9419,0.72
9420,0.68
9421,0.78
9422,0.71
9423,0.71
9424,0.74
9425,0.68
9426,0.74
9427,0.76
9428,0.75
9429,0.75
9430,0.74
9431,0.78
9432,0.81
9433,0.81
9434,0.81
9435,0.75
9436,0.78
9437,0.83
9438,0.82
9439,0.81
9440,0.78
9441,0.8
9442,0.8
9443,0.82
9444,0.8
9445,0.74
9446,0.8
9447,0.81
9448,0.83
9449,0.83
9450,0.77
9451,0.82
9452,0.83
9453,0.86
9454,0.84
9455,0.78
9456,0.77
9457,0.86
9458,0.85
9459,0.84
9460,0.84
9461,0.83
9462,0.84
9463,0.81
9464,0.82
9465,0.81
9466,0.8
9467,0.84
9468,0.81
9469,0.81
9470,0.78
9471,0.8
9472,0.84
9473,0.8
9474,0.81
9475,0.83
9476,0.81
9477,0.84
9478,0.84
9479,0.84
9480,0.83
9481,0.8
9482,0.84
9483,0.82
9484,0.84
9485,0.82
9486,0.8
9487,0.85
9488,0.82
9489,0.84
9490,0.8
9491,0.8
9492,0.84
9493,0.82
9494,0.85
9495,0.82
9496,0.8
9497,0.85
9498,0.81
9499,0.84
9500,0.81
9501,0.78
9502,0.85
9503,0.83
9504,0.83
9505,0.83
9506,0.78
9507,0.84
9508,0.85
9509,0.85
9510,0.78
9511,0.79
9512,0.84
9513,0.82
9514,0.86
9515,0.8
9516,0.78
9517,0.87
9518,0.84
9519,0.85
9520,0.81
9521,0.79
9522,0.84
9523,0.82
9524,0.84
9525,0.85
9526,0.78
9527,0.86
9528,0.83
9529,0.85
9530,0.86
9531,0.81
9532,0.86
9533,0.84
9534,0.85
9535,0.86
9536,0.8
9537,0.87
9538,0.86
9539,0.86
9540,0.83
9541,0.82
9542,0.86
9543,0.84
9544,0.86
9545,0.83
9546,0.81
9547,0.87
9548,0.85
9549,0.86
9550,0.79
9551,0.83
9552,0.87
9553,0.87
9554,0.86
9555,0.81
9556,0.81
9557,0.87
9558,0.87
9559,0.86
9560,0.81
9561,0.79
9562,0.88
9563,0.86
9564,0.86
9565,0.82
9566,0.81
9567,0.87
9568,0.87
9569,0.87
9570,0.83
9571,0.79
9572,0.87
9573,0.88
9574,0.87
9575,0.84
9576,0.8
9577,0.87
9578,0.86
9579,0.86
9580,0.82
9581,0.8
9582,0.87
9583,0.86
9584,0.86
9585,0.82
9586,0.83
9587,0.87
9588,0.87
9589,0.86
9590,0.83
9591,0.81
9592,0.86
9593,0.86
9594,0.86
9595,0.83
9596,0.84
9597,0.86
9598,0.88
9599,0.86
9600,0.48
9601,0.45
9602,0.51
9603,0.56
9604,0.57
9605,0.57
9606,0.49
9607,0.62
9608,0.7
9609,0.69
9610,0.61
9611,0.64
9612,0.6
9613,0.68
9614,0.7
9615,0.52
9616,0.6
9617,0.62
9618,0.68
9619,0.71
9620,0.59
9621,0.63
9622,0.67
9623,0.7
9624,0.69
9625,0.57
9626,0.58
9627,0.62
9628,0.68
9629,0.68
9630,0.55
9631,0.58
9632,0.63
9633,0.68
9634,0.67
9635,0.56
9636,0.6
9637,0.63
9638,0.72
9639,0.69
9640,0.54
9641,0.61
9642,0.64
9643,0.68
9644,0.7
9645,0.5
9646,0.59
9647,0.64
9648,0.68
9649,0.68
9650,0.5
9651,0.6
9652,0.64
9653,0.68
9654,0.67
9655,0.54
9656,0.58
9657,0.66
9658,0.69
9659,0.66
9660,0.54
9661,0.59
9662,0.65
9663,0.7
9664,0.65
9665,0.53
9666,0.61
9667,0.66
9668,0.68
9669,0.67
9670,0.54
9671,0.61
9672,0.64
9673,0.68
9674,0.67
9675,0.54
9676,0.61
9677,0.63
9678,0.68
9679,0.67
9680,0.51
9681,0.61
9682,0.64
9683,0.69
9684,0.67
9685,0.51
9686,0.6
9687,0.63
9688,0.67
9689,0.67
9690,0.52
9691,0.61
9692,0.66
9693,0.68
9694,0.68
9695,0.52
9696,0.59
9697,0.66
9698,0.68
9699,0.69
9700,0.51
9701,0.6
9702,0.65
9703,0.66
9704,0.68
9705,0.57
9706,0.59
9707,0.65
9708,0.68
9709,0.67
9710,0.58
9711,0.59
9712,0.65
9713,0.69
9714,0.67
9715,0.55
9716,0.59
9717,0.65
9718,0.68
9719,0.68
9720,0.56
9721,0.61
9722,0.67
9723,0.68
9724,0.69
9725,0.56
9726,0.62
9727,0.66
9728,0.69
9729,0.68
9730,0.57
9731,0.62
9732,0.66
9733,0.69
9734,0.67
9735,0.56
9736,0.63
9737,0.69
9738,0.69
9739,0.69
9740,0.54
9741,0.64
9742,0.69
9743,0.68
9744,0.69
9745,0.55
9746,0.63
9747,0.67
9748,0.68
9749,0.68
9750,0.55
9751,0.66
9752,0.69
9753,0.68
9754,0.68
9755,0.57
9756,0.65
9757,0.69
9758,0.69
9759,0.7
9760,0.54
9761,0.66
9762,0.69
9763,0.69
9764,0.7
9765,0.53
9766,0.65
9767,0.7
9768,0.69
9769,0.69
9770,0.54
9771,0.65
9772,0.7
9773,0.69
9774,0.67
9775,0.55
9776,0.65
9777,0.7
9778,0.69
9779,0.67
9780,0.56
9781,0.64
9782,0.69
9783,0.7
9784,0.67
9785,0.57
9786,0.65
9787,0.7
9788,0.7
9789,0.67
9790,0.57
9791,0.66
9792,0.7
9793,0.7
9794,0.67
9795,0.58
9796,0.65
9797,0.7
9798,0.7
9799,0.68
9800,0.47
9801,0.54
9802,0.43
9803,0.49
9804,0.49
9805,0.6
9806,0.66
9807,0.6
9808,0.6
9809,0.59
9810,0.64
9811,0.65
9812,0.67
9813,0.62
9814,0.64
9815,0.68
9816,0.67
9817,0.66
9818,0.63
9819,0.64
9820,0.66
9821,0.66
9822,0.68
9823,0.65
9824,0.66
9825,0.59
9826,0.7
9827,0.7
9828,0.65
9829,0.66
9830,0.67
9831,0.7
9832,0.67
9833,0.68
9834,0.65
9835,0.65
9836,0.68
9837,0.67
9838,0.71
9839,0.67
9840,0.66
9841,0.68
9842,0.7
9843,0.68
9844,0.67
9845,0.63
9846,0.67
9847,0.66
9848,0.66
9849,0.68
9850,0.65
9851,0.65
9852,0.69
9853,0.7
9854,0.67
9855,0.69
9856,0.65
9857,0.72
9858,0.67
9859,0.71
9860,0.71
9861,0.7
9862,0.72
9863,0.72
9864,0.73
9865,0.71
9866,0.74
9867,0.75
9868,0.74
9869,0.75
9870,0.72
9871,0.72
9872,0.76
9873,0.75
9874,0.75
9875,0.72
9876,0.74
9877,0.77
9878,0.75
9879,0.77
9880,0.72
9881,0.75
9882,0.75
9883,0.75
9884,0.76
9885,0.75
9886,0.76
9887,0.77
9888,0.77
9889,0.74
9890,0.74
9891,0.76
9892,0.78
9893,0.76
9894,0.74
9895,0.77
9896,0.77
9897,0.77
9898,0.75
9899,0.74
9900,0.74
9901,0.77
9902,0.78
9903,0.75
9904,0.75
9905,0.72
9906,0.76
9907,0.76
9908,0.74
9909,0.74
9910,0.72
9911,0.74
9912,0.76
9913,0.75
9914,0.76
9915,0.73
9916,0.77
9917,0.75
9918,0.74
9919,0.77
9920,0.72
9921,0.74
9922,0.75
9923,0.75
9924,0.75
9925,0.74
9926,0.74
9927,0.78
9928,0.76
9929,0.75
9930,0.76
9931,0.77
9932,0.79
9933,0.76
9934,0.74
9935,0.76
9936,0.76
9937,0.77
9938,0.75
9939,0.75
9940,0.77
9941,0.75
9942,0.77
9943,0.76
9944,0.74
9945,0.75
9946,0.75
9947,0.76
9948,0.75
9949,0.74
9950,0.75
9951,0.74
9952,0.78
9953,0.78
9954,0.77
9955,0.73
9956,0.74
9957,0.77
9958,0.77
9959,0.76
9960,0.73
9961,0.73
9962,0.77
9963,0.74
9964,0.76
9965,0.73
9966,0.72
9967,0.77
9968,0.75
9969,0.75
9970,0.73
9971,0.73
9972,0.76
9973,0.75
9974,0.75
9975,0.73
9976,0.72
9977,0.77
9978,0.76
9979,0.75
9980,0.75
9981,0.74
9982,0.77
9983,0.76
9984,0.75
9985,0.75
9986,0.73
9987,0.77
9988,0.76
9989,0.78
9990,0.78
9991,0.74
9992,0.76
9993,0.76
9994,0.77
9995,0.77
9996,0.76
9997,0.77
9998,0.76
9999,0.75
