master_did,name,seed,noise
0,10_sp_aij_0,36656,0.1
1,10_sp_aij_0,2369231,0.1
2,10_sp_aij_0,416304,0.1
3,10_sp_aij_0,10488077,0.1
4,10_sp_aij_0,8982779,0.1
5,10_sp_aij_0,12733201,0.1
6,10_sp_aij_0,9845126,0.1
7,10_sp_aij_0,9036584,0.1
8,10_sp_aij_0,5140131,0.1
9,10_sp_aij_0,8493390,0.1
10,10_sp_aij_0,3049039,0.1
11,10_sp_aij_0,2753893,0.1
12,10_sp_aij_0,11563241,0.1
13,10_sp_aij_0,5589942,0.1
14,10_sp_aij_0,2091765,0.1
15,10_sp_aij_0,2905119,0.1
16,10_sp_aij_0,4240255,0.1
17,10_sp_aij_0,10011807,0.1
18,10_sp_aij_0,5576645,0.1
19,10_sp_aij_0,591973,0.1
20,10_sp_aij_0,4211685,0.1
21,10_sp_aij_0,9275155,0.1
22,10_sp_aij_0,10793741,0.1
23,10_sp_aij_0,41300,0.1
24,10_sp_aij_0,2858482,0.1
25,10_sp_aij_0,6550368,0.1
26,10_sp_aij_0,3346496,0.1
27,10_sp_aij_0,12305126,0.1
28,10_sp_aij_0,8717317,0.1
29,10_sp_aij_0,6543552,0.1
30,10_sp_aij_0,5614865,0.1
31,10_sp_aij_0,9104526,0.1
32,10_sp_aij_0,10435541,0.1
33,10_sp_aij_0,11942766,0.1
34,10_sp_aij_0,6667140,0.1
35,10_sp_aij_0,10471522,0.1
36,10_sp_aij_0,115475,0.1
37,10_sp_aij_0,2721265,0.1
38,10_sp_aij_0,309357,0.1
39,10_sp_aij_0,9668522,0.1
40,10_sp_aij_0,2698393,0.1
41,10_sp_aij_0,9638443,0.1
42,10_sp_aij_0,11499954,0.1
43,10_sp_aij_0,1444356,0.1
44,10_sp_aij_0,8745245,0.1
45,10_sp_aij_0,7964854,0.1
46,10_sp_aij_0,1768742,0.1
47,10_sp_aij_0,8139908,0.1
48,10_sp_aij_0,10646715,0.1
49,10_sp_aij_0,10999907,0.1
50,10_sp_aij_1,36656,0.1
51,10_sp_aij_1,2369231,0.1
52,10_sp_aij_1,416304,0.1
53,10_sp_aij_1,10488077,0.1
54,10_sp_aij_1,8982779,0.1
55,10_sp_aij_1,12733201,0.1
56,10_sp_aij_1,9845126,0.1
57,10_sp_aij_1,9036584,0.1
58,10_sp_aij_1,5140131,0.1
59,10_sp_aij_1,8493390,0.1
60,10_sp_aij_1,3049039,0.1
61,10_sp_aij_1,2753893,0.1
62,10_sp_aij_1,11563241,0.1
63,10_sp_aij_1,5589942,0.1
64,10_sp_aij_1,2091765,0.1
65,10_sp_aij_1,2905119,0.1
66,10_sp_aij_1,4240255,0.1
67,10_sp_aij_1,10011807,0.1
68,10_sp_aij_1,5576645,0.1
69,10_sp_aij_1,591973,0.1
70,10_sp_aij_1,4211685,0.1
71,10_sp_aij_1,9275155,0.1
72,10_sp_aij_1,10793741,0.1
73,10_sp_aij_1,41300,0.1
74,10_sp_aij_1,2858482,0.1
75,10_sp_aij_1,6550368,0.1
76,10_sp_aij_1,3346496,0.1
77,10_sp_aij_1,12305126,0.1
78,10_sp_aij_1,8717317,0.1
79,10_sp_aij_1,6543552,0.1
80,10_sp_aij_1,5614865,0.1
81,10_sp_aij_1,9104526,0.1
82,10_sp_aij_1,10435541,0.1
83,10_sp_aij_1,11942766,0.1
84,10_sp_aij_1,6667140,0.1
85,10_sp_aij_1,10471522,0.1
86,10_sp_aij_1,115475,0.1
87,10_sp_aij_1,2721265,0.1
88,10_sp_aij_1,309357,0.1
89,10_sp_aij_1,9668522,0.1
90,10_sp_aij_1,2698393,0.1
91,10_sp_aij_1,9638443,0.1
92,10_sp_aij_1,11499954,0.1
93,10_sp_aij_1,1444356,0.1
94,10_sp_aij_1,8745245,0.1
95,10_sp_aij_1,7964854,0.1
96,10_sp_aij_1,1768742,0.1
97,10_sp_aij_1,8139908,0.1
98,10_sp_aij_1,10646715,0.1
99,10_sp_aij_1,10999907,0.1
100,10_sp_aij_2,36656,0.1
101,10_sp_aij_2,2369231,0.1
102,10_sp_aij_2,416304,0.1
103,10_sp_aij_2,10488077,0.1
104,10_sp_aij_2,8982779,0.1
105,10_sp_aij_2,12733201,0.1
106,10_sp_aij_2,9845126,0.1
107,10_sp_aij_2,9036584,0.1
108,10_sp_aij_2,5140131,0.1
109,10_sp_aij_2,8493390,0.1
110,10_sp_aij_2,3049039,0.1
111,10_sp_aij_2,2753893,0.1
112,10_sp_aij_2,11563241,0.1
113,10_sp_aij_2,5589942,0.1
114,10_sp_aij_2,2091765,0.1
115,10_sp_aij_2,2905119,0.1
116,10_sp_aij_2,4240255,0.1
117,10_sp_aij_2,10011807,0.1
118,10_sp_aij_2,5576645,0.1
119,10_sp_aij_2,591973,0.1
120,10_sp_aij_2,4211685,0.1
121,10_sp_aij_2,9275155,0.1
122,10_sp_aij_2,10793741,0.1
123,10_sp_aij_2,41300,0.1
124,10_sp_aij_2,2858482,0.1
125,10_sp_aij_2,6550368,0.1
126,10_sp_aij_2,3346496,0.1
127,10_sp_aij_2,12305126,0.1
128,10_sp_aij_2,8717317,0.1
129,10_sp_aij_2,6543552,0.1
130,10_sp_aij_2,5614865,0.1
131,10_sp_aij_2,9104526,0.1
132,10_sp_aij_2,10435541,0.1
133,10_sp_aij_2,11942766,0.1
134,10_sp_aij_2,6667140,0.1
135,10_sp_aij_2,10471522,0.1
136,10_sp_aij_2,115475,0.1
137,10_sp_aij_2,2721265,0.1
138,10_sp_aij_2,309357,0.1
139,10_sp_aij_2,9668522,0.1
140,10_sp_aij_2,2698393,0.1
141,10_sp_aij_2,9638443,0.1
142,10_sp_aij_2,11499954,0.1
143,10_sp_aij_2,1444356,0.1
144,10_sp_aij_2,8745245,0.1
145,10_sp_aij_2,7964854,0.1
146,10_sp_aij_2,1768742,0.1
147,10_sp_aij_2,8139908,0.1
148,10_sp_aij_2,10646715,0.1
149,10_sp_aij_2,10999907,0.1
150,10_sp_aij_3,36656,0.1
151,10_sp_aij_3,2369231,0.1
152,10_sp_aij_3,416304,0.1
153,10_sp_aij_3,10488077,0.1
154,10_sp_aij_3,8982779,0.1
155,10_sp_aij_3,12733201,0.1
156,10_sp_aij_3,9845126,0.1
157,10_sp_aij_3,9036584,0.1
158,10_sp_aij_3,5140131,0.1
159,10_sp_aij_3,8493390,0.1
160,10_sp_aij_3,3049039,0.1
161,10_sp_aij_3,2753893,0.1
162,10_sp_aij_3,11563241,0.1
163,10_sp_aij_3,5589942,0.1
164,10_sp_aij_3,2091765,0.1
165,10_sp_aij_3,2905119,0.1
166,10_sp_aij_3,4240255,0.1
167,10_sp_aij_3,10011807,0.1
168,10_sp_aij_3,5576645,0.1
169,10_sp_aij_3,591973,0.1
170,10_sp_aij_3,4211685,0.1
171,10_sp_aij_3,9275155,0.1
172,10_sp_aij_3,10793741,0.1
173,10_sp_aij_3,41300,0.1
174,10_sp_aij_3,2858482,0.1
175,10_sp_aij_3,6550368,0.1
176,10_sp_aij_3,3346496,0.1
177,10_sp_aij_3,12305126,0.1
178,10_sp_aij_3,8717317,0.1
179,10_sp_aij_3,6543552,0.1
180,10_sp_aij_3,5614865,0.1
181,10_sp_aij_3,9104526,0.1
182,10_sp_aij_3,10435541,0.1
183,10_sp_aij_3,11942766,0.1
184,10_sp_aij_3,6667140,0.1
185,10_sp_aij_3,10471522,0.1
186,10_sp_aij_3,115475,0.1
187,10_sp_aij_3,2721265,0.1
188,10_sp_aij_3,309357,0.1
189,10_sp_aij_3,9668522,0.1
190,10_sp_aij_3,2698393,0.1
191,10_sp_aij_3,9638443,0.1
192,10_sp_aij_3,11499954,0.1
193,10_sp_aij_3,1444356,0.1
194,10_sp_aij_3,8745245,0.1
195,10_sp_aij_3,7964854,0.1
196,10_sp_aij_3,1768742,0.1
197,10_sp_aij_3,8139908,0.1
198,10_sp_aij_3,10646715,0.1
199,10_sp_aij_3,10999907,0.1
200,10_sp_aij_4,36656,0.1
201,10_sp_aij_4,2369231,0.1
202,10_sp_aij_4,416304,0.1
203,10_sp_aij_4,10488077,0.1
204,10_sp_aij_4,8982779,0.1
205,10_sp_aij_4,12733201,0.1
206,10_sp_aij_4,9845126,0.1
207,10_sp_aij_4,9036584,0.1
208,10_sp_aij_4,5140131,0.1
209,10_sp_aij_4,8493390,0.1
210,10_sp_aij_4,3049039,0.1
211,10_sp_aij_4,2753893,0.1
212,10_sp_aij_4,11563241,0.1
213,10_sp_aij_4,5589942,0.1
214,10_sp_aij_4,2091765,0.1
215,10_sp_aij_4,2905119,0.1
216,10_sp_aij_4,4240255,0.1
217,10_sp_aij_4,10011807,0.1
218,10_sp_aij_4,5576645,0.1
219,10_sp_aij_4,591973,0.1
220,10_sp_aij_4,4211685,0.1
221,10_sp_aij_4,9275155,0.1
222,10_sp_aij_4,10793741,0.1
223,10_sp_aij_4,41300,0.1
224,10_sp_aij_4,2858482,0.1
225,10_sp_aij_4,6550368,0.1
226,10_sp_aij_4,3346496,0.1
227,10_sp_aij_4,12305126,0.1
228,10_sp_aij_4,8717317,0.1
229,10_sp_aij_4,6543552,0.1
230,10_sp_aij_4,5614865,0.1
231,10_sp_aij_4,9104526,0.1
232,10_sp_aij_4,10435541,0.1
233,10_sp_aij_4,11942766,0.1
234,10_sp_aij_4,6667140,0.1
235,10_sp_aij_4,10471522,0.1
236,10_sp_aij_4,115475,0.1
237,10_sp_aij_4,2721265,0.1
238,10_sp_aij_4,309357,0.1
239,10_sp_aij_4,9668522,0.1
240,10_sp_aij_4,2698393,0.1
241,10_sp_aij_4,9638443,0.1
242,10_sp_aij_4,11499954,0.1
243,10_sp_aij_4,1444356,0.1
244,10_sp_aij_4,8745245,0.1
245,10_sp_aij_4,7964854,0.1
246,10_sp_aij_4,1768742,0.1
247,10_sp_aij_4,8139908,0.1
248,10_sp_aij_4,10646715,0.1
249,10_sp_aij_4,10999907,0.1
250,10_sp_aij_5,36656,0.1
251,10_sp_aij_5,2369231,0.1
252,10_sp_aij_5,416304,0.1
253,10_sp_aij_5,10488077,0.1
254,10_sp_aij_5,8982779,0.1
255,10_sp_aij_5,12733201,0.1
256,10_sp_aij_5,9845126,0.1
257,10_sp_aij_5,9036584,0.1
258,10_sp_aij_5,5140131,0.1
259,10_sp_aij_5,8493390,0.1
260,10_sp_aij_5,3049039,0.1
261,10_sp_aij_5,2753893,0.1
262,10_sp_aij_5,11563241,0.1
263,10_sp_aij_5,5589942,0.1
264,10_sp_aij_5,2091765,0.1
265,10_sp_aij_5,2905119,0.1
266,10_sp_aij_5,4240255,0.1
267,10_sp_aij_5,10011807,0.1
268,10_sp_aij_5,5576645,0.1
269,10_sp_aij_5,591973,0.1
270,10_sp_aij_5,4211685,0.1
271,10_sp_aij_5,9275155,0.1
272,10_sp_aij_5,10793741,0.1
273,10_sp_aij_5,41300,0.1
274,10_sp_aij_5,2858482,0.1
275,10_sp_aij_5,6550368,0.1
276,10_sp_aij_5,3346496,0.1
277,10_sp_aij_5,12305126,0.1
278,10_sp_aij_5,8717317,0.1
279,10_sp_aij_5,6543552,0.1
280,10_sp_aij_5,5614865,0.1
281,10_sp_aij_5,9104526,0.1
282,10_sp_aij_5,10435541,0.1
283,10_sp_aij_5,11942766,0.1
284,10_sp_aij_5,6667140,0.1
285,10_sp_aij_5,10471522,0.1
286,10_sp_aij_5,115475,0.1
287,10_sp_aij_5,2721265,0.1
288,10_sp_aij_5,309357,0.1
289,10_sp_aij_5,9668522,0.1
290,10_sp_aij_5,2698393,0.1
291,10_sp_aij_5,9638443,0.1
292,10_sp_aij_5,11499954,0.1
293,10_sp_aij_5,1444356,0.1
294,10_sp_aij_5,8745245,0.1
295,10_sp_aij_5,7964854,0.1
296,10_sp_aij_5,1768742,0.1
297,10_sp_aij_5,8139908,0.1
298,10_sp_aij_5,10646715,0.1
299,10_sp_aij_5,10999907,0.1
300,10_sp_aij_6,36656,0.1
301,10_sp_aij_6,2369231,0.1
302,10_sp_aij_6,416304,0.1
303,10_sp_aij_6,10488077,0.1
304,10_sp_aij_6,8982779,0.1
305,10_sp_aij_6,12733201,0.1
306,10_sp_aij_6,9845126,0.1
307,10_sp_aij_6,9036584,0.1
308,10_sp_aij_6,5140131,0.1
309,10_sp_aij_6,8493390,0.1
310,10_sp_aij_6,3049039,0.1
311,10_sp_aij_6,2753893,0.1
312,10_sp_aij_6,11563241,0.1
313,10_sp_aij_6,5589942,0.1
314,10_sp_aij_6,2091765,0.1
315,10_sp_aij_6,2905119,0.1
316,10_sp_aij_6,4240255,0.1
317,10_sp_aij_6,10011807,0.1
318,10_sp_aij_6,5576645,0.1
319,10_sp_aij_6,591973,0.1
320,10_sp_aij_6,4211685,0.1
321,10_sp_aij_6,9275155,0.1
322,10_sp_aij_6,10793741,0.1
323,10_sp_aij_6,41300,0.1
324,10_sp_aij_6,2858482,0.1
325,10_sp_aij_6,6550368,0.1
326,10_sp_aij_6,3346496,0.1
327,10_sp_aij_6,12305126,0.1
328,10_sp_aij_6,8717317,0.1
329,10_sp_aij_6,6543552,0.1
330,10_sp_aij_6,5614865,0.1
331,10_sp_aij_6,9104526,0.1
332,10_sp_aij_6,10435541,0.1
333,10_sp_aij_6,11942766,0.1
334,10_sp_aij_6,6667140,0.1
335,10_sp_aij_6,10471522,0.1
336,10_sp_aij_6,115475,0.1
337,10_sp_aij_6,2721265,0.1
338,10_sp_aij_6,309357,0.1
339,10_sp_aij_6,9668522,0.1
340,10_sp_aij_6,2698393,0.1
341,10_sp_aij_6,9638443,0.1
342,10_sp_aij_6,11499954,0.1
343,10_sp_aij_6,1444356,0.1
344,10_sp_aij_6,8745245,0.1
345,10_sp_aij_6,7964854,0.1
346,10_sp_aij_6,1768742,0.1
347,10_sp_aij_6,8139908,0.1
348,10_sp_aij_6,10646715,0.1
349,10_sp_aij_6,10999907,0.1
350,10_sp_aij_7,36656,0.1
351,10_sp_aij_7,2369231,0.1
352,10_sp_aij_7,416304,0.1
353,10_sp_aij_7,10488077,0.1
354,10_sp_aij_7,8982779,0.1
355,10_sp_aij_7,12733201,0.1
356,10_sp_aij_7,9845126,0.1
357,10_sp_aij_7,9036584,0.1
358,10_sp_aij_7,5140131,0.1
359,10_sp_aij_7,8493390,0.1
360,10_sp_aij_7,3049039,0.1
361,10_sp_aij_7,2753893,0.1
362,10_sp_aij_7,11563241,0.1
363,10_sp_aij_7,5589942,0.1
364,10_sp_aij_7,2091765,0.1
365,10_sp_aij_7,2905119,0.1
366,10_sp_aij_7,4240255,0.1
367,10_sp_aij_7,10011807,0.1
368,10_sp_aij_7,5576645,0.1
369,10_sp_aij_7,591973,0.1
370,10_sp_aij_7,4211685,0.1
371,10_sp_aij_7,9275155,0.1
372,10_sp_aij_7,10793741,0.1
373,10_sp_aij_7,41300,0.1
374,10_sp_aij_7,2858482,0.1
375,10_sp_aij_7,6550368,0.1
376,10_sp_aij_7,3346496,0.1
377,10_sp_aij_7,12305126,0.1
378,10_sp_aij_7,8717317,0.1
379,10_sp_aij_7,6543552,0.1
380,10_sp_aij_7,5614865,0.1
381,10_sp_aij_7,9104526,0.1
382,10_sp_aij_7,10435541,0.1
383,10_sp_aij_7,11942766,0.1
384,10_sp_aij_7,6667140,0.1
385,10_sp_aij_7,10471522,0.1
386,10_sp_aij_7,115475,0.1
387,10_sp_aij_7,2721265,0.1
388,10_sp_aij_7,309357,0.1
389,10_sp_aij_7,9668522,0.1
390,10_sp_aij_7,2698393,0.1
391,10_sp_aij_7,9638443,0.1
392,10_sp_aij_7,11499954,0.1
393,10_sp_aij_7,1444356,0.1
394,10_sp_aij_7,8745245,0.1
395,10_sp_aij_7,7964854,0.1
396,10_sp_aij_7,1768742,0.1
397,10_sp_aij_7,8139908,0.1
398,10_sp_aij_7,10646715,0.1
399,10_sp_aij_7,10999907,0.1
400,10_sp_aij_8,36656,0.1
401,10_sp_aij_8,2369231,0.1
402,10_sp_aij_8,416304,0.1
403,10_sp_aij_8,10488077,0.1
404,10_sp_aij_8,8982779,0.1
405,10_sp_aij_8,12733201,0.1
406,10_sp_aij_8,9845126,0.1
407,10_sp_aij_8,9036584,0.1
408,10_sp_aij_8,5140131,0.1
409,10_sp_aij_8,8493390,0.1
410,10_sp_aij_8,3049039,0.1
411,10_sp_aij_8,2753893,0.1
412,10_sp_aij_8,11563241,0.1
413,10_sp_aij_8,5589942,0.1
414,10_sp_aij_8,2091765,0.1
415,10_sp_aij_8,2905119,0.1
416,10_sp_aij_8,4240255,0.1
417,10_sp_aij_8,10011807,0.1
418,10_sp_aij_8,5576645,0.1
419,10_sp_aij_8,591973,0.1
420,10_sp_aij_8,4211685,0.1
421,10_sp_aij_8,9275155,0.1
422,10_sp_aij_8,10793741,0.1
423,10_sp_aij_8,41300,0.1
424,10_sp_aij_8,2858482,0.1
425,10_sp_aij_8,6550368,0.1
426,10_sp_aij_8,3346496,0.1
427,10_sp_aij_8,12305126,0.1
428,10_sp_aij_8,8717317,0.1
429,10_sp_aij_8,6543552,0.1
430,10_sp_aij_8,5614865,0.1
431,10_sp_aij_8,9104526,0.1
432,10_sp_aij_8,10435541,0.1
433,10_sp_aij_8,11942766,0.1
434,10_sp_aij_8,6667140,0.1
435,10_sp_aij_8,10471522,0.1
436,10_sp_aij_8,115475,0.1
437,10_sp_aij_8,2721265,0.1
438,10_sp_aij_8,309357,0.1
439,10_sp_aij_8,9668522,0.1
440,10_sp_aij_8,2698393,0.1
441,10_sp_aij_8,9638443,0.1
442,10_sp_aij_8,11499954,0.1
443,10_sp_aij_8,1444356,0.1
444,10_sp_aij_8,8745245,0.1
445,10_sp_aij_8,7964854,0.1
446,10_sp_aij_8,1768742,0.1
447,10_sp_aij_8,8139908,0.1
448,10_sp_aij_8,10646715,0.1
449,10_sp_aij_8,10999907,0.1
450,10_sp_aij_9,36656,0.1
451,10_sp_aij_9,2369231,0.1
452,10_sp_aij_9,416304,0.1
453,10_sp_aij_9,10488077,0.1
454,10_sp_aij_9,8982779,0.1
455,10_sp_aij_9,12733201,0.1
456,10_sp_aij_9,9845126,0.1
457,10_sp_aij_9,9036584,0.1
458,10_sp_aij_9,5140131,0.1
459,10_sp_aij_9,8493390,0.1
460,10_sp_aij_9,3049039,0.1
461,10_sp_aij_9,2753893,0.1
462,10_sp_aij_9,11563241,0.1
463,10_sp_aij_9,5589942,0.1
464,10_sp_aij_9,2091765,0.1
465,10_sp_aij_9,2905119,0.1
466,10_sp_aij_9,4240255,0.1
467,10_sp_aij_9,10011807,0.1
468,10_sp_aij_9,5576645,0.1
469,10_sp_aij_9,591973,0.1
470,10_sp_aij_9,4211685,0.1
471,10_sp_aij_9,9275155,0.1
472,10_sp_aij_9,10793741,0.1
473,10_sp_aij_9,41300,0.1
474,10_sp_aij_9,2858482,0.1
475,10_sp_aij_9,6550368,0.1
476,10_sp_aij_9,3346496,0.1
477,10_sp_aij_9,12305126,0.1
478,10_sp_aij_9,8717317,0.1
479,10_sp_aij_9,6543552,0.1
480,10_sp_aij_9,5614865,0.1
481,10_sp_aij_9,9104526,0.1
482,10_sp_aij_9,10435541,0.1
483,10_sp_aij_9,11942766,0.1
484,10_sp_aij_9,6667140,0.1
485,10_sp_aij_9,10471522,0.1
486,10_sp_aij_9,115475,0.1
487,10_sp_aij_9,2721265,0.1
488,10_sp_aij_9,309357,0.1
489,10_sp_aij_9,9668522,0.1
490,10_sp_aij_9,2698393,0.1
491,10_sp_aij_9,9638443,0.1
492,10_sp_aij_9,11499954,0.1
493,10_sp_aij_9,1444356,0.1
494,10_sp_aij_9,8745245,0.1
495,10_sp_aij_9,7964854,0.1
496,10_sp_aij_9,1768742,0.1
497,10_sp_aij_9,8139908,0.1
498,10_sp_aij_9,10646715,0.1
499,10_sp_aij_9,10999907,0.1
500,10_sp_aij_10,36656,0.1
501,10_sp_aij_10,2369231,0.1
502,10_sp_aij_10,416304,0.1
503,10_sp_aij_10,10488077,0.1
504,10_sp_aij_10,8982779,0.1
505,10_sp_aij_10,12733201,0.1
506,10_sp_aij_10,9845126,0.1
507,10_sp_aij_10,9036584,0.1
508,10_sp_aij_10,5140131,0.1
509,10_sp_aij_10,8493390,0.1
510,10_sp_aij_10,3049039,0.1
511,10_sp_aij_10,2753893,0.1
512,10_sp_aij_10,11563241,0.1
513,10_sp_aij_10,5589942,0.1
514,10_sp_aij_10,2091765,0.1
515,10_sp_aij_10,2905119,0.1
516,10_sp_aij_10,4240255,0.1
517,10_sp_aij_10,10011807,0.1
518,10_sp_aij_10,5576645,0.1
519,10_sp_aij_10,591973,0.1
520,10_sp_aij_10,4211685,0.1
521,10_sp_aij_10,9275155,0.1
522,10_sp_aij_10,10793741,0.1
523,10_sp_aij_10,41300,0.1
524,10_sp_aij_10,2858482,0.1
525,10_sp_aij_10,6550368,0.1
526,10_sp_aij_10,3346496,0.1
527,10_sp_aij_10,12305126,0.1
528,10_sp_aij_10,8717317,0.1
529,10_sp_aij_10,6543552,0.1
530,10_sp_aij_10,5614865,0.1
531,10_sp_aij_10,9104526,0.1
532,10_sp_aij_10,10435541,0.1
533,10_sp_aij_10,11942766,0.1
534,10_sp_aij_10,6667140,0.1
535,10_sp_aij_10,10471522,0.1
536,10_sp_aij_10,115475,0.1
537,10_sp_aij_10,2721265,0.1
538,10_sp_aij_10,309357,0.1
539,10_sp_aij_10,9668522,0.1
540,10_sp_aij_10,2698393,0.1
541,10_sp_aij_10,9638443,0.1
542,10_sp_aij_10,11499954,0.1
543,10_sp_aij_10,1444356,0.1
544,10_sp_aij_10,8745245,0.1
545,10_sp_aij_10,7964854,0.1
546,10_sp_aij_10,1768742,0.1
547,10_sp_aij_10,8139908,0.1
548,10_sp_aij_10,10646715,0.1
549,10_sp_aij_10,10999907,0.1
550,10_sp_aij_11,36656,0.1
551,10_sp_aij_11,2369231,0.1
552,10_sp_aij_11,416304,0.1
553,10_sp_aij_11,10488077,0.1
554,10_sp_aij_11,8982779,0.1
555,10_sp_aij_11,12733201,0.1
556,10_sp_aij_11,9845126,0.1
557,10_sp_aij_11,9036584,0.1
558,10_sp_aij_11,5140131,0.1
559,10_sp_aij_11,8493390,0.1
560,10_sp_aij_11,3049039,0.1
561,10_sp_aij_11,2753893,0.1
562,10_sp_aij_11,11563241,0.1
563,10_sp_aij_11,5589942,0.1
564,10_sp_aij_11,2091765,0.1
565,10_sp_aij_11,2905119,0.1
566,10_sp_aij_11,4240255,0.1
567,10_sp_aij_11,10011807,0.1
568,10_sp_aij_11,5576645,0.1
569,10_sp_aij_11,591973,0.1
570,10_sp_aij_11,4211685,0.1
571,10_sp_aij_11,9275155,0.1
572,10_sp_aij_11,10793741,0.1
573,10_sp_aij_11,41300,0.1
574,10_sp_aij_11,2858482,0.1
575,10_sp_aij_11,6550368,0.1
576,10_sp_aij_11,3346496,0.1
577,10_sp_aij_11,12305126,0.1
578,10_sp_aij_11,8717317,0.1
579,10_sp_aij_11,6543552,0.1
580,10_sp_aij_11,5614865,0.1
581,10_sp_aij_11,9104526,0.1
582,10_sp_aij_11,10435541,0.1
583,10_sp_aij_11,11942766,0.1
584,10_sp_aij_11,6667140,0.1
585,10_sp_aij_11,10471522,0.1
586,10_sp_aij_11,115475,0.1
587,10_sp_aij_11,2721265,0.1
588,10_sp_aij_11,309357,0.1
589,10_sp_aij_11,9668522,0.1
590,10_sp_aij_11,2698393,0.1
591,10_sp_aij_11,9638443,0.1
592,10_sp_aij_11,11499954,0.1
593,10_sp_aij_11,1444356,0.1
594,10_sp_aij_11,8745245,0.1
595,10_sp_aij_11,7964854,0.1
596,10_sp_aij_11,1768742,0.1
597,10_sp_aij_11,8139908,0.1
598,10_sp_aij_11,10646715,0.1
599,10_sp_aij_11,10999907,0.1
600,10_sp_aij_12,36656,0.1
601,10_sp_aij_12,2369231,0.1
602,10_sp_aij_12,416304,0.1
603,10_sp_aij_12,10488077,0.1
604,10_sp_aij_12,8982779,0.1
605,10_sp_aij_12,12733201,0.1
606,10_sp_aij_12,9845126,0.1
607,10_sp_aij_12,9036584,0.1
608,10_sp_aij_12,5140131,0.1
609,10_sp_aij_12,8493390,0.1
610,10_sp_aij_12,3049039,0.1
611,10_sp_aij_12,2753893,0.1
612,10_sp_aij_12,11563241,0.1
613,10_sp_aij_12,5589942,0.1
614,10_sp_aij_12,2091765,0.1
615,10_sp_aij_12,2905119,0.1
616,10_sp_aij_12,4240255,0.1
617,10_sp_aij_12,10011807,0.1
618,10_sp_aij_12,5576645,0.1
619,10_sp_aij_12,591973,0.1
620,10_sp_aij_12,4211685,0.1
621,10_sp_aij_12,9275155,0.1
622,10_sp_aij_12,10793741,0.1
623,10_sp_aij_12,41300,0.1
624,10_sp_aij_12,2858482,0.1
625,10_sp_aij_12,6550368,0.1
626,10_sp_aij_12,3346496,0.1
627,10_sp_aij_12,12305126,0.1
628,10_sp_aij_12,8717317,0.1
629,10_sp_aij_12,6543552,0.1
630,10_sp_aij_12,5614865,0.1
631,10_sp_aij_12,9104526,0.1
632,10_sp_aij_12,10435541,0.1
633,10_sp_aij_12,11942766,0.1
634,10_sp_aij_12,6667140,0.1
635,10_sp_aij_12,10471522,0.1
636,10_sp_aij_12,115475,0.1
637,10_sp_aij_12,2721265,0.1
638,10_sp_aij_12,309357,0.1
639,10_sp_aij_12,9668522,0.1
640,10_sp_aij_12,2698393,0.1
641,10_sp_aij_12,9638443,0.1
642,10_sp_aij_12,11499954,0.1
643,10_sp_aij_12,1444356,0.1
644,10_sp_aij_12,8745245,0.1
645,10_sp_aij_12,7964854,0.1
646,10_sp_aij_12,1768742,0.1
647,10_sp_aij_12,8139908,0.1
648,10_sp_aij_12,10646715,0.1
649,10_sp_aij_12,10999907,0.1
650,10_sp_aij_13,36656,0.1
651,10_sp_aij_13,2369231,0.1
652,10_sp_aij_13,416304,0.1
653,10_sp_aij_13,10488077,0.1
654,10_sp_aij_13,8982779,0.1
655,10_sp_aij_13,12733201,0.1
656,10_sp_aij_13,9845126,0.1
657,10_sp_aij_13,9036584,0.1
658,10_sp_aij_13,5140131,0.1
659,10_sp_aij_13,8493390,0.1
660,10_sp_aij_13,3049039,0.1
661,10_sp_aij_13,2753893,0.1
662,10_sp_aij_13,11563241,0.1
663,10_sp_aij_13,5589942,0.1
664,10_sp_aij_13,2091765,0.1
665,10_sp_aij_13,2905119,0.1
666,10_sp_aij_13,4240255,0.1
667,10_sp_aij_13,10011807,0.1
668,10_sp_aij_13,5576645,0.1
669,10_sp_aij_13,591973,0.1
670,10_sp_aij_13,4211685,0.1
671,10_sp_aij_13,9275155,0.1
672,10_sp_aij_13,10793741,0.1
673,10_sp_aij_13,41300,0.1
674,10_sp_aij_13,2858482,0.1
675,10_sp_aij_13,6550368,0.1
676,10_sp_aij_13,3346496,0.1
677,10_sp_aij_13,12305126,0.1
678,10_sp_aij_13,8717317,0.1
679,10_sp_aij_13,6543552,0.1
680,10_sp_aij_13,5614865,0.1
681,10_sp_aij_13,9104526,0.1
682,10_sp_aij_13,10435541,0.1
683,10_sp_aij_13,11942766,0.1
684,10_sp_aij_13,6667140,0.1
685,10_sp_aij_13,10471522,0.1
686,10_sp_aij_13,115475,0.1
687,10_sp_aij_13,2721265,0.1
688,10_sp_aij_13,309357,0.1
689,10_sp_aij_13,9668522,0.1
690,10_sp_aij_13,2698393,0.1
691,10_sp_aij_13,9638443,0.1
692,10_sp_aij_13,11499954,0.1
693,10_sp_aij_13,1444356,0.1
694,10_sp_aij_13,8745245,0.1
695,10_sp_aij_13,7964854,0.1
696,10_sp_aij_13,1768742,0.1
697,10_sp_aij_13,8139908,0.1
698,10_sp_aij_13,10646715,0.1
699,10_sp_aij_13,10999907,0.1
700,10_sp_aij_14,36656,0.1
701,10_sp_aij_14,2369231,0.1
702,10_sp_aij_14,416304,0.1
703,10_sp_aij_14,10488077,0.1
704,10_sp_aij_14,8982779,0.1
705,10_sp_aij_14,12733201,0.1
706,10_sp_aij_14,9845126,0.1
707,10_sp_aij_14,9036584,0.1
708,10_sp_aij_14,5140131,0.1
709,10_sp_aij_14,8493390,0.1
710,10_sp_aij_14,3049039,0.1
711,10_sp_aij_14,2753893,0.1
712,10_sp_aij_14,11563241,0.1
713,10_sp_aij_14,5589942,0.1
714,10_sp_aij_14,2091765,0.1
715,10_sp_aij_14,2905119,0.1
716,10_sp_aij_14,4240255,0.1
717,10_sp_aij_14,10011807,0.1
718,10_sp_aij_14,5576645,0.1
719,10_sp_aij_14,591973,0.1
720,10_sp_aij_14,4211685,0.1
721,10_sp_aij_14,9275155,0.1
722,10_sp_aij_14,10793741,0.1
723,10_sp_aij_14,41300,0.1
724,10_sp_aij_14,2858482,0.1
725,10_sp_aij_14,6550368,0.1
726,10_sp_aij_14,3346496,0.1
727,10_sp_aij_14,12305126,0.1
728,10_sp_aij_14,8717317,0.1
729,10_sp_aij_14,6543552,0.1
730,10_sp_aij_14,5614865,0.1
731,10_sp_aij_14,9104526,0.1
732,10_sp_aij_14,10435541,0.1
733,10_sp_aij_14,11942766,0.1
734,10_sp_aij_14,6667140,0.1
735,10_sp_aij_14,10471522,0.1
736,10_sp_aij_14,115475,0.1
737,10_sp_aij_14,2721265,0.1
738,10_sp_aij_14,309357,0.1
739,10_sp_aij_14,9668522,0.1
740,10_sp_aij_14,2698393,0.1
741,10_sp_aij_14,9638443,0.1
742,10_sp_aij_14,11499954,0.1
743,10_sp_aij_14,1444356,0.1
744,10_sp_aij_14,8745245,0.1
745,10_sp_aij_14,7964854,0.1
746,10_sp_aij_14,1768742,0.1
747,10_sp_aij_14,8139908,0.1
748,10_sp_aij_14,10646715,0.1
749,10_sp_aij_14,10999907,0.1
750,10_sp_aij_15,36656,0.1
751,10_sp_aij_15,2369231,0.1
752,10_sp_aij_15,416304,0.1
753,10_sp_aij_15,10488077,0.1
754,10_sp_aij_15,8982779,0.1
755,10_sp_aij_15,12733201,0.1
756,10_sp_aij_15,9845126,0.1
757,10_sp_aij_15,9036584,0.1
758,10_sp_aij_15,5140131,0.1
759,10_sp_aij_15,8493390,0.1
760,10_sp_aij_15,3049039,0.1
761,10_sp_aij_15,2753893,0.1
762,10_sp_aij_15,11563241,0.1
763,10_sp_aij_15,5589942,0.1
764,10_sp_aij_15,2091765,0.1
765,10_sp_aij_15,2905119,0.1
766,10_sp_aij_15,4240255,0.1
767,10_sp_aij_15,10011807,0.1
768,10_sp_aij_15,5576645,0.1
769,10_sp_aij_15,591973,0.1
770,10_sp_aij_15,4211685,0.1
771,10_sp_aij_15,9275155,0.1
772,10_sp_aij_15,10793741,0.1
773,10_sp_aij_15,41300,0.1
774,10_sp_aij_15,2858482,0.1
775,10_sp_aij_15,6550368,0.1
776,10_sp_aij_15,3346496,0.1
777,10_sp_aij_15,12305126,0.1
778,10_sp_aij_15,8717317,0.1
779,10_sp_aij_15,6543552,0.1
780,10_sp_aij_15,5614865,0.1
781,10_sp_aij_15,9104526,0.1
782,10_sp_aij_15,10435541,0.1
783,10_sp_aij_15,11942766,0.1
784,10_sp_aij_15,6667140,0.1
785,10_sp_aij_15,10471522,0.1
786,10_sp_aij_15,115475,0.1
787,10_sp_aij_15,2721265,0.1
788,10_sp_aij_15,309357,0.1
789,10_sp_aij_15,9668522,0.1
790,10_sp_aij_15,2698393,0.1
791,10_sp_aij_15,9638443,0.1
792,10_sp_aij_15,11499954,0.1
793,10_sp_aij_15,1444356,0.1
794,10_sp_aij_15,8745245,0.1
795,10_sp_aij_15,7964854,0.1
796,10_sp_aij_15,1768742,0.1
797,10_sp_aij_15,8139908,0.1
798,10_sp_aij_15,10646715,0.1
799,10_sp_aij_15,10999907,0.1
800,10_sp_aij_16,36656,0.1
801,10_sp_aij_16,2369231,0.1
802,10_sp_aij_16,416304,0.1
803,10_sp_aij_16,10488077,0.1
804,10_sp_aij_16,8982779,0.1
805,10_sp_aij_16,12733201,0.1
806,10_sp_aij_16,9845126,0.1
807,10_sp_aij_16,9036584,0.1
808,10_sp_aij_16,5140131,0.1
809,10_sp_aij_16,8493390,0.1
810,10_sp_aij_16,3049039,0.1
811,10_sp_aij_16,2753893,0.1
812,10_sp_aij_16,11563241,0.1
813,10_sp_aij_16,5589942,0.1
814,10_sp_aij_16,2091765,0.1
815,10_sp_aij_16,2905119,0.1
816,10_sp_aij_16,4240255,0.1
817,10_sp_aij_16,10011807,0.1
818,10_sp_aij_16,5576645,0.1
819,10_sp_aij_16,591973,0.1
820,10_sp_aij_16,4211685,0.1
821,10_sp_aij_16,9275155,0.1
822,10_sp_aij_16,10793741,0.1
823,10_sp_aij_16,41300,0.1
824,10_sp_aij_16,2858482,0.1
825,10_sp_aij_16,6550368,0.1
826,10_sp_aij_16,3346496,0.1
827,10_sp_aij_16,12305126,0.1
828,10_sp_aij_16,8717317,0.1
829,10_sp_aij_16,6543552,0.1
830,10_sp_aij_16,5614865,0.1
831,10_sp_aij_16,9104526,0.1
832,10_sp_aij_16,10435541,0.1
833,10_sp_aij_16,11942766,0.1
834,10_sp_aij_16,6667140,0.1
835,10_sp_aij_16,10471522,0.1
836,10_sp_aij_16,115475,0.1
837,10_sp_aij_16,2721265,0.1
838,10_sp_aij_16,309357,0.1
839,10_sp_aij_16,9668522,0.1
840,10_sp_aij_16,2698393,0.1
841,10_sp_aij_16,9638443,0.1
842,10_sp_aij_16,11499954,0.1
843,10_sp_aij_16,1444356,0.1
844,10_sp_aij_16,8745245,0.1
845,10_sp_aij_16,7964854,0.1
846,10_sp_aij_16,1768742,0.1
847,10_sp_aij_16,8139908,0.1
848,10_sp_aij_16,10646715,0.1
849,10_sp_aij_16,10999907,0.1
850,10_sp_aij_17,36656,0.1
851,10_sp_aij_17,2369231,0.1
852,10_sp_aij_17,416304,0.1
853,10_sp_aij_17,10488077,0.1
854,10_sp_aij_17,8982779,0.1
855,10_sp_aij_17,12733201,0.1
856,10_sp_aij_17,9845126,0.1
857,10_sp_aij_17,9036584,0.1
858,10_sp_aij_17,5140131,0.1
859,10_sp_aij_17,8493390,0.1
860,10_sp_aij_17,3049039,0.1
861,10_sp_aij_17,2753893,0.1
862,10_sp_aij_17,11563241,0.1
863,10_sp_aij_17,5589942,0.1
864,10_sp_aij_17,2091765,0.1
865,10_sp_aij_17,2905119,0.1
866,10_sp_aij_17,4240255,0.1
867,10_sp_aij_17,10011807,0.1
868,10_sp_aij_17,5576645,0.1
869,10_sp_aij_17,591973,0.1
870,10_sp_aij_17,4211685,0.1
871,10_sp_aij_17,9275155,0.1
872,10_sp_aij_17,10793741,0.1
873,10_sp_aij_17,41300,0.1
874,10_sp_aij_17,2858482,0.1
875,10_sp_aij_17,6550368,0.1
876,10_sp_aij_17,3346496,0.1
877,10_sp_aij_17,12305126,0.1
878,10_sp_aij_17,8717317,0.1
879,10_sp_aij_17,6543552,0.1
880,10_sp_aij_17,5614865,0.1
881,10_sp_aij_17,9104526,0.1
882,10_sp_aij_17,10435541,0.1
883,10_sp_aij_17,11942766,0.1
884,10_sp_aij_17,6667140,0.1
885,10_sp_aij_17,10471522,0.1
886,10_sp_aij_17,115475,0.1
887,10_sp_aij_17,2721265,0.1
888,10_sp_aij_17,309357,0.1
889,10_sp_aij_17,9668522,0.1
890,10_sp_aij_17,2698393,0.1
891,10_sp_aij_17,9638443,0.1
892,10_sp_aij_17,11499954,0.1
893,10_sp_aij_17,1444356,0.1
894,10_sp_aij_17,8745245,0.1
895,10_sp_aij_17,7964854,0.1
896,10_sp_aij_17,1768742,0.1
897,10_sp_aij_17,8139908,0.1
898,10_sp_aij_17,10646715,0.1
899,10_sp_aij_17,10999907,0.1
900,10_sp_aij_18,36656,0.1
901,10_sp_aij_18,2369231,0.1
902,10_sp_aij_18,416304,0.1
903,10_sp_aij_18,10488077,0.1
904,10_sp_aij_18,8982779,0.1
905,10_sp_aij_18,12733201,0.1
906,10_sp_aij_18,9845126,0.1
907,10_sp_aij_18,9036584,0.1
908,10_sp_aij_18,5140131,0.1
909,10_sp_aij_18,8493390,0.1
910,10_sp_aij_18,3049039,0.1
911,10_sp_aij_18,2753893,0.1
912,10_sp_aij_18,11563241,0.1
913,10_sp_aij_18,5589942,0.1
914,10_sp_aij_18,2091765,0.1
915,10_sp_aij_18,2905119,0.1
916,10_sp_aij_18,4240255,0.1
917,10_sp_aij_18,10011807,0.1
918,10_sp_aij_18,5576645,0.1
919,10_sp_aij_18,591973,0.1
920,10_sp_aij_18,4211685,0.1
921,10_sp_aij_18,9275155,0.1
922,10_sp_aij_18,10793741,0.1
923,10_sp_aij_18,41300,0.1
924,10_sp_aij_18,2858482,0.1
925,10_sp_aij_18,6550368,0.1
926,10_sp_aij_18,3346496,0.1
927,10_sp_aij_18,12305126,0.1
928,10_sp_aij_18,8717317,0.1
929,10_sp_aij_18,6543552,0.1
930,10_sp_aij_18,5614865,0.1
931,10_sp_aij_18,9104526,0.1
932,10_sp_aij_18,10435541,0.1
933,10_sp_aij_18,11942766,0.1
934,10_sp_aij_18,6667140,0.1
935,10_sp_aij_18,10471522,0.1
936,10_sp_aij_18,115475,0.1
937,10_sp_aij_18,2721265,0.1
938,10_sp_aij_18,309357,0.1
939,10_sp_aij_18,9668522,0.1
940,10_sp_aij_18,2698393,0.1
941,10_sp_aij_18,9638443,0.1
942,10_sp_aij_18,11499954,0.1
943,10_sp_aij_18,1444356,0.1
944,10_sp_aij_18,8745245,0.1
945,10_sp_aij_18,7964854,0.1
946,10_sp_aij_18,1768742,0.1
947,10_sp_aij_18,8139908,0.1
948,10_sp_aij_18,10646715,0.1
949,10_sp_aij_18,10999907,0.1
950,10_sp_aij_19,36656,0.1
951,10_sp_aij_19,2369231,0.1
952,10_sp_aij_19,416304,0.1
953,10_sp_aij_19,10488077,0.1
954,10_sp_aij_19,8982779,0.1
955,10_sp_aij_19,12733201,0.1
956,10_sp_aij_19,9845126,0.1
957,10_sp_aij_19,9036584,0.1
958,10_sp_aij_19,5140131,0.1
959,10_sp_aij_19,8493390,0.1
960,10_sp_aij_19,3049039,0.1
961,10_sp_aij_19,2753893,0.1
962,10_sp_aij_19,11563241,0.1
963,10_sp_aij_19,5589942,0.1
964,10_sp_aij_19,2091765,0.1
965,10_sp_aij_19,2905119,0.1
966,10_sp_aij_19,4240255,0.1
967,10_sp_aij_19,10011807,0.1
968,10_sp_aij_19,5576645,0.1
969,10_sp_aij_19,591973,0.1
970,10_sp_aij_19,4211685,0.1
971,10_sp_aij_19,9275155,0.1
972,10_sp_aij_19,10793741,0.1
973,10_sp_aij_19,41300,0.1
974,10_sp_aij_19,2858482,0.1
975,10_sp_aij_19,6550368,0.1
976,10_sp_aij_19,3346496,0.1
977,10_sp_aij_19,12305126,0.1
978,10_sp_aij_19,8717317,0.1
979,10_sp_aij_19,6543552,0.1
980,10_sp_aij_19,5614865,0.1
981,10_sp_aij_19,9104526,0.1
982,10_sp_aij_19,10435541,0.1
983,10_sp_aij_19,11942766,0.1
984,10_sp_aij_19,6667140,0.1
985,10_sp_aij_19,10471522,0.1
986,10_sp_aij_19,115475,0.1
987,10_sp_aij_19,2721265,0.1
988,10_sp_aij_19,309357,0.1
989,10_sp_aij_19,9668522,0.1
990,10_sp_aij_19,2698393,0.1
991,10_sp_aij_19,9638443,0.1
992,10_sp_aij_19,11499954,0.1
993,10_sp_aij_19,1444356,0.1
994,10_sp_aij_19,8745245,0.1
995,10_sp_aij_19,7964854,0.1
996,10_sp_aij_19,1768742,0.1
997,10_sp_aij_19,8139908,0.1
998,10_sp_aij_19,10646715,0.1
999,10_sp_aij_19,10999907,0.1
1000,10_sp_aij_20,36656,0.1
1001,10_sp_aij_20,2369231,0.1
1002,10_sp_aij_20,416304,0.1
1003,10_sp_aij_20,10488077,0.1
1004,10_sp_aij_20,8982779,0.1
1005,10_sp_aij_20,12733201,0.1
1006,10_sp_aij_20,9845126,0.1
1007,10_sp_aij_20,9036584,0.1
1008,10_sp_aij_20,5140131,0.1
1009,10_sp_aij_20,8493390,0.1
1010,10_sp_aij_20,3049039,0.1
1011,10_sp_aij_20,2753893,0.1
1012,10_sp_aij_20,11563241,0.1
1013,10_sp_aij_20,5589942,0.1
1014,10_sp_aij_20,2091765,0.1
1015,10_sp_aij_20,2905119,0.1
1016,10_sp_aij_20,4240255,0.1
1017,10_sp_aij_20,10011807,0.1
1018,10_sp_aij_20,5576645,0.1
1019,10_sp_aij_20,591973,0.1
1020,10_sp_aij_20,4211685,0.1
1021,10_sp_aij_20,9275155,0.1
1022,10_sp_aij_20,10793741,0.1
1023,10_sp_aij_20,41300,0.1
1024,10_sp_aij_20,2858482,0.1
1025,10_sp_aij_20,6550368,0.1
1026,10_sp_aij_20,3346496,0.1
1027,10_sp_aij_20,12305126,0.1
1028,10_sp_aij_20,8717317,0.1
1029,10_sp_aij_20,6543552,0.1
1030,10_sp_aij_20,5614865,0.1
1031,10_sp_aij_20,9104526,0.1
1032,10_sp_aij_20,10435541,0.1
1033,10_sp_aij_20,11942766,0.1
1034,10_sp_aij_20,6667140,0.1
1035,10_sp_aij_20,10471522,0.1
1036,10_sp_aij_20,115475,0.1
1037,10_sp_aij_20,2721265,0.1
1038,10_sp_aij_20,309357,0.1
1039,10_sp_aij_20,9668522,0.1
1040,10_sp_aij_20,2698393,0.1
1041,10_sp_aij_20,9638443,0.1
1042,10_sp_aij_20,11499954,0.1
1043,10_sp_aij_20,1444356,0.1
1044,10_sp_aij_20,8745245,0.1
1045,10_sp_aij_20,7964854,0.1
1046,10_sp_aij_20,1768742,0.1
1047,10_sp_aij_20,8139908,0.1
1048,10_sp_aij_20,10646715,0.1
1049,10_sp_aij_20,10999907,0.1
1050,10_sp_aij_21,36656,0.1
1051,10_sp_aij_21,2369231,0.1
1052,10_sp_aij_21,416304,0.1
1053,10_sp_aij_21,10488077,0.1
1054,10_sp_aij_21,8982779,0.1
1055,10_sp_aij_21,12733201,0.1
1056,10_sp_aij_21,9845126,0.1
1057,10_sp_aij_21,9036584,0.1
1058,10_sp_aij_21,5140131,0.1
1059,10_sp_aij_21,8493390,0.1
1060,10_sp_aij_21,3049039,0.1
1061,10_sp_aij_21,2753893,0.1
1062,10_sp_aij_21,11563241,0.1
1063,10_sp_aij_21,5589942,0.1
1064,10_sp_aij_21,2091765,0.1
1065,10_sp_aij_21,2905119,0.1
1066,10_sp_aij_21,4240255,0.1
1067,10_sp_aij_21,10011807,0.1
1068,10_sp_aij_21,5576645,0.1
1069,10_sp_aij_21,591973,0.1
1070,10_sp_aij_21,4211685,0.1
1071,10_sp_aij_21,9275155,0.1
1072,10_sp_aij_21,10793741,0.1
1073,10_sp_aij_21,41300,0.1
1074,10_sp_aij_21,2858482,0.1
1075,10_sp_aij_21,6550368,0.1
1076,10_sp_aij_21,3346496,0.1
1077,10_sp_aij_21,12305126,0.1
1078,10_sp_aij_21,8717317,0.1
1079,10_sp_aij_21,6543552,0.1
1080,10_sp_aij_21,5614865,0.1
1081,10_sp_aij_21,9104526,0.1
1082,10_sp_aij_21,10435541,0.1
1083,10_sp_aij_21,11942766,0.1
1084,10_sp_aij_21,6667140,0.1
1085,10_sp_aij_21,10471522,0.1
1086,10_sp_aij_21,115475,0.1
1087,10_sp_aij_21,2721265,0.1
1088,10_sp_aij_21,309357,0.1
1089,10_sp_aij_21,9668522,0.1
1090,10_sp_aij_21,2698393,0.1
1091,10_sp_aij_21,9638443,0.1
1092,10_sp_aij_21,11499954,0.1
1093,10_sp_aij_21,1444356,0.1
1094,10_sp_aij_21,8745245,0.1
1095,10_sp_aij_21,7964854,0.1
1096,10_sp_aij_21,1768742,0.1
1097,10_sp_aij_21,8139908,0.1
1098,10_sp_aij_21,10646715,0.1
1099,10_sp_aij_21,10999907,0.1
1100,10_sp_aij_22,36656,0.1
1101,10_sp_aij_22,2369231,0.1
1102,10_sp_aij_22,416304,0.1
1103,10_sp_aij_22,10488077,0.1
1104,10_sp_aij_22,8982779,0.1
1105,10_sp_aij_22,12733201,0.1
1106,10_sp_aij_22,9845126,0.1
1107,10_sp_aij_22,9036584,0.1
1108,10_sp_aij_22,5140131,0.1
1109,10_sp_aij_22,8493390,0.1
1110,10_sp_aij_22,3049039,0.1
1111,10_sp_aij_22,2753893,0.1
1112,10_sp_aij_22,11563241,0.1
1113,10_sp_aij_22,5589942,0.1
1114,10_sp_aij_22,2091765,0.1
1115,10_sp_aij_22,2905119,0.1
1116,10_sp_aij_22,4240255,0.1
1117,10_sp_aij_22,10011807,0.1
1118,10_sp_aij_22,5576645,0.1
1119,10_sp_aij_22,591973,0.1
1120,10_sp_aij_22,4211685,0.1
1121,10_sp_aij_22,9275155,0.1
1122,10_sp_aij_22,10793741,0.1
1123,10_sp_aij_22,41300,0.1
1124,10_sp_aij_22,2858482,0.1
1125,10_sp_aij_22,6550368,0.1
1126,10_sp_aij_22,3346496,0.1
1127,10_sp_aij_22,12305126,0.1
1128,10_sp_aij_22,8717317,0.1
1129,10_sp_aij_22,6543552,0.1
1130,10_sp_aij_22,5614865,0.1
1131,10_sp_aij_22,9104526,0.1
1132,10_sp_aij_22,10435541,0.1
1133,10_sp_aij_22,11942766,0.1
1134,10_sp_aij_22,6667140,0.1
1135,10_sp_aij_22,10471522,0.1
1136,10_sp_aij_22,115475,0.1
1137,10_sp_aij_22,2721265,0.1
1138,10_sp_aij_22,309357,0.1
1139,10_sp_aij_22,9668522,0.1
1140,10_sp_aij_22,2698393,0.1
1141,10_sp_aij_22,9638443,0.1
1142,10_sp_aij_22,11499954,0.1
1143,10_sp_aij_22,1444356,0.1
1144,10_sp_aij_22,8745245,0.1
1145,10_sp_aij_22,7964854,0.1
1146,10_sp_aij_22,1768742,0.1
1147,10_sp_aij_22,8139908,0.1
1148,10_sp_aij_22,10646715,0.1
1149,10_sp_aij_22,10999907,0.1
1150,10_sp_aij_23,36656,0.1
1151,10_sp_aij_23,2369231,0.1
1152,10_sp_aij_23,416304,0.1
1153,10_sp_aij_23,10488077,0.1
1154,10_sp_aij_23,8982779,0.1
1155,10_sp_aij_23,12733201,0.1
1156,10_sp_aij_23,9845126,0.1
1157,10_sp_aij_23,9036584,0.1
1158,10_sp_aij_23,5140131,0.1
1159,10_sp_aij_23,8493390,0.1
1160,10_sp_aij_23,3049039,0.1
1161,10_sp_aij_23,2753893,0.1
1162,10_sp_aij_23,11563241,0.1
1163,10_sp_aij_23,5589942,0.1
1164,10_sp_aij_23,2091765,0.1
1165,10_sp_aij_23,2905119,0.1
1166,10_sp_aij_23,4240255,0.1
1167,10_sp_aij_23,10011807,0.1
1168,10_sp_aij_23,5576645,0.1
1169,10_sp_aij_23,591973,0.1
1170,10_sp_aij_23,4211685,0.1
1171,10_sp_aij_23,9275155,0.1
1172,10_sp_aij_23,10793741,0.1
1173,10_sp_aij_23,41300,0.1
1174,10_sp_aij_23,2858482,0.1
1175,10_sp_aij_23,6550368,0.1
1176,10_sp_aij_23,3346496,0.1
1177,10_sp_aij_23,12305126,0.1
1178,10_sp_aij_23,8717317,0.1
1179,10_sp_aij_23,6543552,0.1
1180,10_sp_aij_23,5614865,0.1
1181,10_sp_aij_23,9104526,0.1
1182,10_sp_aij_23,10435541,0.1
1183,10_sp_aij_23,11942766,0.1
1184,10_sp_aij_23,6667140,0.1
1185,10_sp_aij_23,10471522,0.1
1186,10_sp_aij_23,115475,0.1
1187,10_sp_aij_23,2721265,0.1
1188,10_sp_aij_23,309357,0.1
1189,10_sp_aij_23,9668522,0.1
1190,10_sp_aij_23,2698393,0.1
1191,10_sp_aij_23,9638443,0.1
1192,10_sp_aij_23,11499954,0.1
1193,10_sp_aij_23,1444356,0.1
1194,10_sp_aij_23,8745245,0.1
1195,10_sp_aij_23,7964854,0.1
1196,10_sp_aij_23,1768742,0.1
1197,10_sp_aij_23,8139908,0.1
1198,10_sp_aij_23,10646715,0.1
1199,10_sp_aij_23,10999907,0.1
1200,10_sp_aij_24,36656,0.1
1201,10_sp_aij_24,2369231,0.1
1202,10_sp_aij_24,416304,0.1
1203,10_sp_aij_24,10488077,0.1
1204,10_sp_aij_24,8982779,0.1
1205,10_sp_aij_24,12733201,0.1
1206,10_sp_aij_24,9845126,0.1
1207,10_sp_aij_24,9036584,0.1
1208,10_sp_aij_24,5140131,0.1
1209,10_sp_aij_24,8493390,0.1
1210,10_sp_aij_24,3049039,0.1
1211,10_sp_aij_24,2753893,0.1
1212,10_sp_aij_24,11563241,0.1
1213,10_sp_aij_24,5589942,0.1
1214,10_sp_aij_24,2091765,0.1
1215,10_sp_aij_24,2905119,0.1
1216,10_sp_aij_24,4240255,0.1
1217,10_sp_aij_24,10011807,0.1
1218,10_sp_aij_24,5576645,0.1
1219,10_sp_aij_24,591973,0.1
1220,10_sp_aij_24,4211685,0.1
1221,10_sp_aij_24,9275155,0.1
1222,10_sp_aij_24,10793741,0.1
1223,10_sp_aij_24,41300,0.1
1224,10_sp_aij_24,2858482,0.1
1225,10_sp_aij_24,6550368,0.1
1226,10_sp_aij_24,3346496,0.1
1227,10_sp_aij_24,12305126,0.1
1228,10_sp_aij_24,8717317,0.1
1229,10_sp_aij_24,6543552,0.1
1230,10_sp_aij_24,5614865,0.1
1231,10_sp_aij_24,9104526,0.1
1232,10_sp_aij_24,10435541,0.1
1233,10_sp_aij_24,11942766,0.1
1234,10_sp_aij_24,6667140,0.1
1235,10_sp_aij_24,10471522,0.1
1236,10_sp_aij_24,115475,0.1
1237,10_sp_aij_24,2721265,0.1
1238,10_sp_aij_24,309357,0.1
1239,10_sp_aij_24,9668522,0.1
1240,10_sp_aij_24,2698393,0.1
1241,10_sp_aij_24,9638443,0.1
1242,10_sp_aij_24,11499954,0.1
1243,10_sp_aij_24,1444356,0.1
1244,10_sp_aij_24,8745245,0.1
1245,10_sp_aij_24,7964854,0.1
1246,10_sp_aij_24,1768742,0.1
1247,10_sp_aij_24,8139908,0.1
1248,10_sp_aij_24,10646715,0.1
1249,10_sp_aij_24,10999907,0.1
1250,10_sp_aij_25,36656,0.1
1251,10_sp_aij_25,2369231,0.1
1252,10_sp_aij_25,416304,0.1
1253,10_sp_aij_25,10488077,0.1
1254,10_sp_aij_25,8982779,0.1
1255,10_sp_aij_25,12733201,0.1
1256,10_sp_aij_25,9845126,0.1
1257,10_sp_aij_25,9036584,0.1
1258,10_sp_aij_25,5140131,0.1
1259,10_sp_aij_25,8493390,0.1
1260,10_sp_aij_25,3049039,0.1
1261,10_sp_aij_25,2753893,0.1
1262,10_sp_aij_25,11563241,0.1
1263,10_sp_aij_25,5589942,0.1
1264,10_sp_aij_25,2091765,0.1
1265,10_sp_aij_25,2905119,0.1
1266,10_sp_aij_25,4240255,0.1
1267,10_sp_aij_25,10011807,0.1
1268,10_sp_aij_25,5576645,0.1
1269,10_sp_aij_25,591973,0.1
1270,10_sp_aij_25,4211685,0.1
1271,10_sp_aij_25,9275155,0.1
1272,10_sp_aij_25,10793741,0.1
1273,10_sp_aij_25,41300,0.1
1274,10_sp_aij_25,2858482,0.1
1275,10_sp_aij_25,6550368,0.1
1276,10_sp_aij_25,3346496,0.1
1277,10_sp_aij_25,12305126,0.1
1278,10_sp_aij_25,8717317,0.1
1279,10_sp_aij_25,6543552,0.1
1280,10_sp_aij_25,5614865,0.1
1281,10_sp_aij_25,9104526,0.1
1282,10_sp_aij_25,10435541,0.1
1283,10_sp_aij_25,11942766,0.1
1284,10_sp_aij_25,6667140,0.1
1285,10_sp_aij_25,10471522,0.1
1286,10_sp_aij_25,115475,0.1
1287,10_sp_aij_25,2721265,0.1
1288,10_sp_aij_25,309357,0.1
1289,10_sp_aij_25,9668522,0.1
1290,10_sp_aij_25,2698393,0.1
1291,10_sp_aij_25,9638443,0.1
1292,10_sp_aij_25,11499954,0.1
1293,10_sp_aij_25,1444356,0.1
1294,10_sp_aij_25,8745245,0.1
1295,10_sp_aij_25,7964854,0.1
1296,10_sp_aij_25,1768742,0.1
1297,10_sp_aij_25,8139908,0.1
1298,10_sp_aij_25,10646715,0.1
1299,10_sp_aij_25,10999907,0.1
1300,10_sp_aij_26,36656,0.1
1301,10_sp_aij_26,2369231,0.1
1302,10_sp_aij_26,416304,0.1
1303,10_sp_aij_26,10488077,0.1
1304,10_sp_aij_26,8982779,0.1
1305,10_sp_aij_26,12733201,0.1
1306,10_sp_aij_26,9845126,0.1
1307,10_sp_aij_26,9036584,0.1
1308,10_sp_aij_26,5140131,0.1
1309,10_sp_aij_26,8493390,0.1
1310,10_sp_aij_26,3049039,0.1
1311,10_sp_aij_26,2753893,0.1
1312,10_sp_aij_26,11563241,0.1
1313,10_sp_aij_26,5589942,0.1
1314,10_sp_aij_26,2091765,0.1
1315,10_sp_aij_26,2905119,0.1
1316,10_sp_aij_26,4240255,0.1
1317,10_sp_aij_26,10011807,0.1
1318,10_sp_aij_26,5576645,0.1
1319,10_sp_aij_26,591973,0.1
1320,10_sp_aij_26,4211685,0.1
1321,10_sp_aij_26,9275155,0.1
1322,10_sp_aij_26,10793741,0.1
1323,10_sp_aij_26,41300,0.1
1324,10_sp_aij_26,2858482,0.1
1325,10_sp_aij_26,6550368,0.1
1326,10_sp_aij_26,3346496,0.1
1327,10_sp_aij_26,12305126,0.1
1328,10_sp_aij_26,8717317,0.1
1329,10_sp_aij_26,6543552,0.1
1330,10_sp_aij_26,5614865,0.1
1331,10_sp_aij_26,9104526,0.1
1332,10_sp_aij_26,10435541,0.1
1333,10_sp_aij_26,11942766,0.1
1334,10_sp_aij_26,6667140,0.1
1335,10_sp_aij_26,10471522,0.1
1336,10_sp_aij_26,115475,0.1
1337,10_sp_aij_26,2721265,0.1
1338,10_sp_aij_26,309357,0.1
1339,10_sp_aij_26,9668522,0.1
1340,10_sp_aij_26,2698393,0.1
1341,10_sp_aij_26,9638443,0.1
1342,10_sp_aij_26,11499954,0.1
1343,10_sp_aij_26,1444356,0.1
1344,10_sp_aij_26,8745245,0.1
1345,10_sp_aij_26,7964854,0.1
1346,10_sp_aij_26,1768742,0.1
1347,10_sp_aij_26,8139908,0.1
1348,10_sp_aij_26,10646715,0.1
1349,10_sp_aij_26,10999907,0.1
1350,10_sp_aij_27,36656,0.1
1351,10_sp_aij_27,2369231,0.1
1352,10_sp_aij_27,416304,0.1
1353,10_sp_aij_27,10488077,0.1
1354,10_sp_aij_27,8982779,0.1
1355,10_sp_aij_27,12733201,0.1
1356,10_sp_aij_27,9845126,0.1
1357,10_sp_aij_27,9036584,0.1
1358,10_sp_aij_27,5140131,0.1
1359,10_sp_aij_27,8493390,0.1
1360,10_sp_aij_27,3049039,0.1
1361,10_sp_aij_27,2753893,0.1
1362,10_sp_aij_27,11563241,0.1
1363,10_sp_aij_27,5589942,0.1
1364,10_sp_aij_27,2091765,0.1
1365,10_sp_aij_27,2905119,0.1
1366,10_sp_aij_27,4240255,0.1
1367,10_sp_aij_27,10011807,0.1
1368,10_sp_aij_27,5576645,0.1
1369,10_sp_aij_27,591973,0.1
1370,10_sp_aij_27,4211685,0.1
1371,10_sp_aij_27,9275155,0.1
1372,10_sp_aij_27,10793741,0.1
1373,10_sp_aij_27,41300,0.1
1374,10_sp_aij_27,2858482,0.1
1375,10_sp_aij_27,6550368,0.1
1376,10_sp_aij_27,3346496,0.1
1377,10_sp_aij_27,12305126,0.1
1378,10_sp_aij_27,8717317,0.1
1379,10_sp_aij_27,6543552,0.1
1380,10_sp_aij_27,5614865,0.1
1381,10_sp_aij_27,9104526,0.1
1382,10_sp_aij_27,10435541,0.1
1383,10_sp_aij_27,11942766,0.1
1384,10_sp_aij_27,6667140,0.1
1385,10_sp_aij_27,10471522,0.1
1386,10_sp_aij_27,115475,0.1
1387,10_sp_aij_27,2721265,0.1
1388,10_sp_aij_27,309357,0.1
1389,10_sp_aij_27,9668522,0.1
1390,10_sp_aij_27,2698393,0.1
1391,10_sp_aij_27,9638443,0.1
1392,10_sp_aij_27,11499954,0.1
1393,10_sp_aij_27,1444356,0.1
1394,10_sp_aij_27,8745245,0.1
1395,10_sp_aij_27,7964854,0.1
1396,10_sp_aij_27,1768742,0.1
1397,10_sp_aij_27,8139908,0.1
1398,10_sp_aij_27,10646715,0.1
1399,10_sp_aij_27,10999907,0.1
1400,10_sp_aij_28,36656,0.1
1401,10_sp_aij_28,2369231,0.1
1402,10_sp_aij_28,416304,0.1
1403,10_sp_aij_28,10488077,0.1
1404,10_sp_aij_28,8982779,0.1
1405,10_sp_aij_28,12733201,0.1
1406,10_sp_aij_28,9845126,0.1
1407,10_sp_aij_28,9036584,0.1
1408,10_sp_aij_28,5140131,0.1
1409,10_sp_aij_28,8493390,0.1
1410,10_sp_aij_28,3049039,0.1
1411,10_sp_aij_28,2753893,0.1
1412,10_sp_aij_28,11563241,0.1
1413,10_sp_aij_28,5589942,0.1
1414,10_sp_aij_28,2091765,0.1
1415,10_sp_aij_28,2905119,0.1
1416,10_sp_aij_28,4240255,0.1
1417,10_sp_aij_28,10011807,0.1
1418,10_sp_aij_28,5576645,0.1
1419,10_sp_aij_28,591973,0.1
1420,10_sp_aij_28,4211685,0.1
1421,10_sp_aij_28,9275155,0.1
1422,10_sp_aij_28,10793741,0.1
1423,10_sp_aij_28,41300,0.1
1424,10_sp_aij_28,2858482,0.1
1425,10_sp_aij_28,6550368,0.1
1426,10_sp_aij_28,3346496,0.1
1427,10_sp_aij_28,12305126,0.1
1428,10_sp_aij_28,8717317,0.1
1429,10_sp_aij_28,6543552,0.1
1430,10_sp_aij_28,5614865,0.1
1431,10_sp_aij_28,9104526,0.1
1432,10_sp_aij_28,10435541,0.1
1433,10_sp_aij_28,11942766,0.1
1434,10_sp_aij_28,6667140,0.1
1435,10_sp_aij_28,10471522,0.1
1436,10_sp_aij_28,115475,0.1
1437,10_sp_aij_28,2721265,0.1
1438,10_sp_aij_28,309357,0.1
1439,10_sp_aij_28,9668522,0.1
1440,10_sp_aij_28,2698393,0.1
1441,10_sp_aij_28,9638443,0.1
1442,10_sp_aij_28,11499954,0.1
1443,10_sp_aij_28,1444356,0.1
1444,10_sp_aij_28,8745245,0.1
1445,10_sp_aij_28,7964854,0.1
1446,10_sp_aij_28,1768742,0.1
1447,10_sp_aij_28,8139908,0.1
1448,10_sp_aij_28,10646715,0.1
1449,10_sp_aij_28,10999907,0.1
1450,10_sp_aij_29,36656,0.1
1451,10_sp_aij_29,2369231,0.1
1452,10_sp_aij_29,416304,0.1
1453,10_sp_aij_29,10488077,0.1
1454,10_sp_aij_29,8982779,0.1
1455,10_sp_aij_29,12733201,0.1
1456,10_sp_aij_29,9845126,0.1
1457,10_sp_aij_29,9036584,0.1
1458,10_sp_aij_29,5140131,0.1
1459,10_sp_aij_29,8493390,0.1
1460,10_sp_aij_29,3049039,0.1
1461,10_sp_aij_29,2753893,0.1
1462,10_sp_aij_29,11563241,0.1
1463,10_sp_aij_29,5589942,0.1
1464,10_sp_aij_29,2091765,0.1
1465,10_sp_aij_29,2905119,0.1
1466,10_sp_aij_29,4240255,0.1
1467,10_sp_aij_29,10011807,0.1
1468,10_sp_aij_29,5576645,0.1
1469,10_sp_aij_29,591973,0.1
1470,10_sp_aij_29,4211685,0.1
1471,10_sp_aij_29,9275155,0.1
1472,10_sp_aij_29,10793741,0.1
1473,10_sp_aij_29,41300,0.1
1474,10_sp_aij_29,2858482,0.1
1475,10_sp_aij_29,6550368,0.1
1476,10_sp_aij_29,3346496,0.1
1477,10_sp_aij_29,12305126,0.1
1478,10_sp_aij_29,8717317,0.1
1479,10_sp_aij_29,6543552,0.1
1480,10_sp_aij_29,5614865,0.1
1481,10_sp_aij_29,9104526,0.1
1482,10_sp_aij_29,10435541,0.1
1483,10_sp_aij_29,11942766,0.1
1484,10_sp_aij_29,6667140,0.1
1485,10_sp_aij_29,10471522,0.1
1486,10_sp_aij_29,115475,0.1
1487,10_sp_aij_29,2721265,0.1
1488,10_sp_aij_29,309357,0.1
1489,10_sp_aij_29,9668522,0.1
1490,10_sp_aij_29,2698393,0.1
1491,10_sp_aij_29,9638443,0.1
1492,10_sp_aij_29,11499954,0.1
1493,10_sp_aij_29,1444356,0.1
1494,10_sp_aij_29,8745245,0.1
1495,10_sp_aij_29,7964854,0.1
1496,10_sp_aij_29,1768742,0.1
1497,10_sp_aij_29,8139908,0.1
1498,10_sp_aij_29,10646715,0.1
1499,10_sp_aij_29,10999907,0.1
1500,10_sp_aij_30,36656,0.1
1501,10_sp_aij_30,2369231,0.1
1502,10_sp_aij_30,416304,0.1
1503,10_sp_aij_30,10488077,0.1
1504,10_sp_aij_30,8982779,0.1
1505,10_sp_aij_30,12733201,0.1
1506,10_sp_aij_30,9845126,0.1
1507,10_sp_aij_30,9036584,0.1
1508,10_sp_aij_30,5140131,0.1
1509,10_sp_aij_30,8493390,0.1
1510,10_sp_aij_30,3049039,0.1
1511,10_sp_aij_30,2753893,0.1
1512,10_sp_aij_30,11563241,0.1
1513,10_sp_aij_30,5589942,0.1
1514,10_sp_aij_30,2091765,0.1
1515,10_sp_aij_30,2905119,0.1
1516,10_sp_aij_30,4240255,0.1
1517,10_sp_aij_30,10011807,0.1
1518,10_sp_aij_30,5576645,0.1
1519,10_sp_aij_30,591973,0.1
1520,10_sp_aij_30,4211685,0.1
1521,10_sp_aij_30,9275155,0.1
1522,10_sp_aij_30,10793741,0.1
1523,10_sp_aij_30,41300,0.1
1524,10_sp_aij_30,2858482,0.1
1525,10_sp_aij_30,6550368,0.1
1526,10_sp_aij_30,3346496,0.1
1527,10_sp_aij_30,12305126,0.1
1528,10_sp_aij_30,8717317,0.1
1529,10_sp_aij_30,6543552,0.1
1530,10_sp_aij_30,5614865,0.1
1531,10_sp_aij_30,9104526,0.1
1532,10_sp_aij_30,10435541,0.1
1533,10_sp_aij_30,11942766,0.1
1534,10_sp_aij_30,6667140,0.1
1535,10_sp_aij_30,10471522,0.1
1536,10_sp_aij_30,115475,0.1
1537,10_sp_aij_30,2721265,0.1
1538,10_sp_aij_30,309357,0.1
1539,10_sp_aij_30,9668522,0.1
1540,10_sp_aij_30,2698393,0.1
1541,10_sp_aij_30,9638443,0.1
1542,10_sp_aij_30,11499954,0.1
1543,10_sp_aij_30,1444356,0.1
1544,10_sp_aij_30,8745245,0.1
1545,10_sp_aij_30,7964854,0.1
1546,10_sp_aij_30,1768742,0.1
1547,10_sp_aij_30,8139908,0.1
1548,10_sp_aij_30,10646715,0.1
1549,10_sp_aij_30,10999907,0.1
1550,10_sp_aij_31,36656,0.1
1551,10_sp_aij_31,2369231,0.1
1552,10_sp_aij_31,416304,0.1
1553,10_sp_aij_31,10488077,0.1
1554,10_sp_aij_31,8982779,0.1
1555,10_sp_aij_31,12733201,0.1
1556,10_sp_aij_31,9845126,0.1
1557,10_sp_aij_31,9036584,0.1
1558,10_sp_aij_31,5140131,0.1
1559,10_sp_aij_31,8493390,0.1
1560,10_sp_aij_31,3049039,0.1
1561,10_sp_aij_31,2753893,0.1
1562,10_sp_aij_31,11563241,0.1
1563,10_sp_aij_31,5589942,0.1
1564,10_sp_aij_31,2091765,0.1
1565,10_sp_aij_31,2905119,0.1
1566,10_sp_aij_31,4240255,0.1
1567,10_sp_aij_31,10011807,0.1
1568,10_sp_aij_31,5576645,0.1
1569,10_sp_aij_31,591973,0.1
1570,10_sp_aij_31,4211685,0.1
1571,10_sp_aij_31,9275155,0.1
1572,10_sp_aij_31,10793741,0.1
1573,10_sp_aij_31,41300,0.1
1574,10_sp_aij_31,2858482,0.1
1575,10_sp_aij_31,6550368,0.1
1576,10_sp_aij_31,3346496,0.1
1577,10_sp_aij_31,12305126,0.1
1578,10_sp_aij_31,8717317,0.1
1579,10_sp_aij_31,6543552,0.1
1580,10_sp_aij_31,5614865,0.1
1581,10_sp_aij_31,9104526,0.1
1582,10_sp_aij_31,10435541,0.1
1583,10_sp_aij_31,11942766,0.1
1584,10_sp_aij_31,6667140,0.1
1585,10_sp_aij_31,10471522,0.1
1586,10_sp_aij_31,115475,0.1
1587,10_sp_aij_31,2721265,0.1
1588,10_sp_aij_31,309357,0.1
1589,10_sp_aij_31,9668522,0.1
1590,10_sp_aij_31,2698393,0.1
1591,10_sp_aij_31,9638443,0.1
1592,10_sp_aij_31,11499954,0.1
1593,10_sp_aij_31,1444356,0.1
1594,10_sp_aij_31,8745245,0.1
1595,10_sp_aij_31,7964854,0.1
1596,10_sp_aij_31,1768742,0.1
1597,10_sp_aij_31,8139908,0.1
1598,10_sp_aij_31,10646715,0.1
1599,10_sp_aij_31,10999907,0.1
1600,10_sp_aij_32,36656,0.1
1601,10_sp_aij_32,2369231,0.1
1602,10_sp_aij_32,416304,0.1
1603,10_sp_aij_32,10488077,0.1
1604,10_sp_aij_32,8982779,0.1
1605,10_sp_aij_32,12733201,0.1
1606,10_sp_aij_32,9845126,0.1
1607,10_sp_aij_32,9036584,0.1
1608,10_sp_aij_32,5140131,0.1
1609,10_sp_aij_32,8493390,0.1
1610,10_sp_aij_32,3049039,0.1
1611,10_sp_aij_32,2753893,0.1
1612,10_sp_aij_32,11563241,0.1
1613,10_sp_aij_32,5589942,0.1
1614,10_sp_aij_32,2091765,0.1
1615,10_sp_aij_32,2905119,0.1
1616,10_sp_aij_32,4240255,0.1
1617,10_sp_aij_32,10011807,0.1
1618,10_sp_aij_32,5576645,0.1
1619,10_sp_aij_32,591973,0.1
1620,10_sp_aij_32,4211685,0.1
1621,10_sp_aij_32,9275155,0.1
1622,10_sp_aij_32,10793741,0.1
1623,10_sp_aij_32,41300,0.1
1624,10_sp_aij_32,2858482,0.1
1625,10_sp_aij_32,6550368,0.1
1626,10_sp_aij_32,3346496,0.1
1627,10_sp_aij_32,12305126,0.1
1628,10_sp_aij_32,8717317,0.1
1629,10_sp_aij_32,6543552,0.1
1630,10_sp_aij_32,5614865,0.1
1631,10_sp_aij_32,9104526,0.1
1632,10_sp_aij_32,10435541,0.1
1633,10_sp_aij_32,11942766,0.1
1634,10_sp_aij_32,6667140,0.1
1635,10_sp_aij_32,10471522,0.1
1636,10_sp_aij_32,115475,0.1
1637,10_sp_aij_32,2721265,0.1
1638,10_sp_aij_32,309357,0.1
1639,10_sp_aij_32,9668522,0.1
1640,10_sp_aij_32,2698393,0.1
1641,10_sp_aij_32,9638443,0.1
1642,10_sp_aij_32,11499954,0.1
1643,10_sp_aij_32,1444356,0.1
1644,10_sp_aij_32,8745245,0.1
1645,10_sp_aij_32,7964854,0.1
1646,10_sp_aij_32,1768742,0.1
1647,10_sp_aij_32,8139908,0.1
1648,10_sp_aij_32,10646715,0.1
1649,10_sp_aij_32,10999907,0.1
1650,10_sp_aij_33,36656,0.1
1651,10_sp_aij_33,2369231,0.1
1652,10_sp_aij_33,416304,0.1
1653,10_sp_aij_33,10488077,0.1
1654,10_sp_aij_33,8982779,0.1
1655,10_sp_aij_33,12733201,0.1
1656,10_sp_aij_33,9845126,0.1
1657,10_sp_aij_33,9036584,0.1
1658,10_sp_aij_33,5140131,0.1
1659,10_sp_aij_33,8493390,0.1
1660,10_sp_aij_33,3049039,0.1
1661,10_sp_aij_33,2753893,0.1
1662,10_sp_aij_33,11563241,0.1
1663,10_sp_aij_33,5589942,0.1
1664,10_sp_aij_33,2091765,0.1
1665,10_sp_aij_33,2905119,0.1
1666,10_sp_aij_33,4240255,0.1
1667,10_sp_aij_33,10011807,0.1
1668,10_sp_aij_33,5576645,0.1
1669,10_sp_aij_33,591973,0.1
1670,10_sp_aij_33,4211685,0.1
1671,10_sp_aij_33,9275155,0.1
1672,10_sp_aij_33,10793741,0.1
1673,10_sp_aij_33,41300,0.1
1674,10_sp_aij_33,2858482,0.1
1675,10_sp_aij_33,6550368,0.1
1676,10_sp_aij_33,3346496,0.1
1677,10_sp_aij_33,12305126,0.1
1678,10_sp_aij_33,8717317,0.1
1679,10_sp_aij_33,6543552,0.1
1680,10_sp_aij_33,5614865,0.1
1681,10_sp_aij_33,9104526,0.1
1682,10_sp_aij_33,10435541,0.1
1683,10_sp_aij_33,11942766,0.1
1684,10_sp_aij_33,6667140,0.1
1685,10_sp_aij_33,10471522,0.1
1686,10_sp_aij_33,115475,0.1
1687,10_sp_aij_33,2721265,0.1
1688,10_sp_aij_33,309357,0.1
1689,10_sp_aij_33,9668522,0.1
1690,10_sp_aij_33,2698393,0.1
1691,10_sp_aij_33,9638443,0.1
1692,10_sp_aij_33,11499954,0.1
1693,10_sp_aij_33,1444356,0.1
1694,10_sp_aij_33,8745245,0.1
1695,10_sp_aij_33,7964854,0.1
1696,10_sp_aij_33,1768742,0.1
1697,10_sp_aij_33,8139908,0.1
1698,10_sp_aij_33,10646715,0.1
1699,10_sp_aij_33,10999907,0.1
1700,10_sp_aij_34,36656,0.1
1701,10_sp_aij_34,2369231,0.1
1702,10_sp_aij_34,416304,0.1
1703,10_sp_aij_34,10488077,0.1
1704,10_sp_aij_34,8982779,0.1
1705,10_sp_aij_34,12733201,0.1
1706,10_sp_aij_34,9845126,0.1
1707,10_sp_aij_34,9036584,0.1
1708,10_sp_aij_34,5140131,0.1
1709,10_sp_aij_34,8493390,0.1
1710,10_sp_aij_34,3049039,0.1
1711,10_sp_aij_34,2753893,0.1
1712,10_sp_aij_34,11563241,0.1
1713,10_sp_aij_34,5589942,0.1
1714,10_sp_aij_34,2091765,0.1
1715,10_sp_aij_34,2905119,0.1
1716,10_sp_aij_34,4240255,0.1
1717,10_sp_aij_34,10011807,0.1
1718,10_sp_aij_34,5576645,0.1
1719,10_sp_aij_34,591973,0.1
1720,10_sp_aij_34,4211685,0.1
1721,10_sp_aij_34,9275155,0.1
1722,10_sp_aij_34,10793741,0.1
1723,10_sp_aij_34,41300,0.1
1724,10_sp_aij_34,2858482,0.1
1725,10_sp_aij_34,6550368,0.1
1726,10_sp_aij_34,3346496,0.1
1727,10_sp_aij_34,12305126,0.1
1728,10_sp_aij_34,8717317,0.1
1729,10_sp_aij_34,6543552,0.1
1730,10_sp_aij_34,5614865,0.1
1731,10_sp_aij_34,9104526,0.1
1732,10_sp_aij_34,10435541,0.1
1733,10_sp_aij_34,11942766,0.1
1734,10_sp_aij_34,6667140,0.1
1735,10_sp_aij_34,10471522,0.1
1736,10_sp_aij_34,115475,0.1
1737,10_sp_aij_34,2721265,0.1
1738,10_sp_aij_34,309357,0.1
1739,10_sp_aij_34,9668522,0.1
1740,10_sp_aij_34,2698393,0.1
1741,10_sp_aij_34,9638443,0.1
1742,10_sp_aij_34,11499954,0.1
1743,10_sp_aij_34,1444356,0.1
1744,10_sp_aij_34,8745245,0.1
1745,10_sp_aij_34,7964854,0.1
1746,10_sp_aij_34,1768742,0.1
1747,10_sp_aij_34,8139908,0.1
1748,10_sp_aij_34,10646715,0.1
1749,10_sp_aij_34,10999907,0.1
1750,10_sp_aij_35,36656,0.1
1751,10_sp_aij_35,2369231,0.1
1752,10_sp_aij_35,416304,0.1
1753,10_sp_aij_35,10488077,0.1
1754,10_sp_aij_35,8982779,0.1
1755,10_sp_aij_35,12733201,0.1
1756,10_sp_aij_35,9845126,0.1
1757,10_sp_aij_35,9036584,0.1
1758,10_sp_aij_35,5140131,0.1
1759,10_sp_aij_35,8493390,0.1
1760,10_sp_aij_35,3049039,0.1
1761,10_sp_aij_35,2753893,0.1
1762,10_sp_aij_35,11563241,0.1
1763,10_sp_aij_35,5589942,0.1
1764,10_sp_aij_35,2091765,0.1
1765,10_sp_aij_35,2905119,0.1
1766,10_sp_aij_35,4240255,0.1
1767,10_sp_aij_35,10011807,0.1
1768,10_sp_aij_35,5576645,0.1
1769,10_sp_aij_35,591973,0.1
1770,10_sp_aij_35,4211685,0.1
1771,10_sp_aij_35,9275155,0.1
1772,10_sp_aij_35,10793741,0.1
1773,10_sp_aij_35,41300,0.1
1774,10_sp_aij_35,2858482,0.1
1775,10_sp_aij_35,6550368,0.1
1776,10_sp_aij_35,3346496,0.1
1777,10_sp_aij_35,12305126,0.1
1778,10_sp_aij_35,8717317,0.1
1779,10_sp_aij_35,6543552,0.1
1780,10_sp_aij_35,5614865,0.1
1781,10_sp_aij_35,9104526,0.1
1782,10_sp_aij_35,10435541,0.1
1783,10_sp_aij_35,11942766,0.1
1784,10_sp_aij_35,6667140,0.1
1785,10_sp_aij_35,10471522,0.1
1786,10_sp_aij_35,115475,0.1
1787,10_sp_aij_35,2721265,0.1
1788,10_sp_aij_35,309357,0.1
1789,10_sp_aij_35,9668522,0.1
1790,10_sp_aij_35,2698393,0.1
1791,10_sp_aij_35,9638443,0.1
1792,10_sp_aij_35,11499954,0.1
1793,10_sp_aij_35,1444356,0.1
1794,10_sp_aij_35,8745245,0.1
1795,10_sp_aij_35,7964854,0.1
1796,10_sp_aij_35,1768742,0.1
1797,10_sp_aij_35,8139908,0.1
1798,10_sp_aij_35,10646715,0.1
1799,10_sp_aij_35,10999907,0.1
1800,10_sp_aij_36,36656,0.1
1801,10_sp_aij_36,2369231,0.1
1802,10_sp_aij_36,416304,0.1
1803,10_sp_aij_36,10488077,0.1
1804,10_sp_aij_36,8982779,0.1
1805,10_sp_aij_36,12733201,0.1
1806,10_sp_aij_36,9845126,0.1
1807,10_sp_aij_36,9036584,0.1
1808,10_sp_aij_36,5140131,0.1
1809,10_sp_aij_36,8493390,0.1
1810,10_sp_aij_36,3049039,0.1
1811,10_sp_aij_36,2753893,0.1
1812,10_sp_aij_36,11563241,0.1
1813,10_sp_aij_36,5589942,0.1
1814,10_sp_aij_36,2091765,0.1
1815,10_sp_aij_36,2905119,0.1
1816,10_sp_aij_36,4240255,0.1
1817,10_sp_aij_36,10011807,0.1
1818,10_sp_aij_36,5576645,0.1
1819,10_sp_aij_36,591973,0.1
1820,10_sp_aij_36,4211685,0.1
1821,10_sp_aij_36,9275155,0.1
1822,10_sp_aij_36,10793741,0.1
1823,10_sp_aij_36,41300,0.1
1824,10_sp_aij_36,2858482,0.1
1825,10_sp_aij_36,6550368,0.1
1826,10_sp_aij_36,3346496,0.1
1827,10_sp_aij_36,12305126,0.1
1828,10_sp_aij_36,8717317,0.1
1829,10_sp_aij_36,6543552,0.1
1830,10_sp_aij_36,5614865,0.1
1831,10_sp_aij_36,9104526,0.1
1832,10_sp_aij_36,10435541,0.1
1833,10_sp_aij_36,11942766,0.1
1834,10_sp_aij_36,6667140,0.1
1835,10_sp_aij_36,10471522,0.1
1836,10_sp_aij_36,115475,0.1
1837,10_sp_aij_36,2721265,0.1
1838,10_sp_aij_36,309357,0.1
1839,10_sp_aij_36,9668522,0.1
1840,10_sp_aij_36,2698393,0.1
1841,10_sp_aij_36,9638443,0.1
1842,10_sp_aij_36,11499954,0.1
1843,10_sp_aij_36,1444356,0.1
1844,10_sp_aij_36,8745245,0.1
1845,10_sp_aij_36,7964854,0.1
1846,10_sp_aij_36,1768742,0.1
1847,10_sp_aij_36,8139908,0.1
1848,10_sp_aij_36,10646715,0.1
1849,10_sp_aij_36,10999907,0.1
1850,10_sp_aij_37,36656,0.1
1851,10_sp_aij_37,2369231,0.1
1852,10_sp_aij_37,416304,0.1
1853,10_sp_aij_37,10488077,0.1
1854,10_sp_aij_37,8982779,0.1
1855,10_sp_aij_37,12733201,0.1
1856,10_sp_aij_37,9845126,0.1
1857,10_sp_aij_37,9036584,0.1
1858,10_sp_aij_37,5140131,0.1
1859,10_sp_aij_37,8493390,0.1
1860,10_sp_aij_37,3049039,0.1
1861,10_sp_aij_37,2753893,0.1
1862,10_sp_aij_37,11563241,0.1
1863,10_sp_aij_37,5589942,0.1
1864,10_sp_aij_37,2091765,0.1
1865,10_sp_aij_37,2905119,0.1
1866,10_sp_aij_37,4240255,0.1
1867,10_sp_aij_37,10011807,0.1
1868,10_sp_aij_37,5576645,0.1
1869,10_sp_aij_37,591973,0.1
1870,10_sp_aij_37,4211685,0.1
1871,10_sp_aij_37,9275155,0.1
1872,10_sp_aij_37,10793741,0.1
1873,10_sp_aij_37,41300,0.1
1874,10_sp_aij_37,2858482,0.1
1875,10_sp_aij_37,6550368,0.1
1876,10_sp_aij_37,3346496,0.1
1877,10_sp_aij_37,12305126,0.1
1878,10_sp_aij_37,8717317,0.1
1879,10_sp_aij_37,6543552,0.1
1880,10_sp_aij_37,5614865,0.1
1881,10_sp_aij_37,9104526,0.1
1882,10_sp_aij_37,10435541,0.1
1883,10_sp_aij_37,11942766,0.1
1884,10_sp_aij_37,6667140,0.1
1885,10_sp_aij_37,10471522,0.1
1886,10_sp_aij_37,115475,0.1
1887,10_sp_aij_37,2721265,0.1
1888,10_sp_aij_37,309357,0.1
1889,10_sp_aij_37,9668522,0.1
1890,10_sp_aij_37,2698393,0.1
1891,10_sp_aij_37,9638443,0.1
1892,10_sp_aij_37,11499954,0.1
1893,10_sp_aij_37,1444356,0.1
1894,10_sp_aij_37,8745245,0.1
1895,10_sp_aij_37,7964854,0.1
1896,10_sp_aij_37,1768742,0.1
1897,10_sp_aij_37,8139908,0.1
1898,10_sp_aij_37,10646715,0.1
1899,10_sp_aij_37,10999907,0.1
1900,10_sp_aij_38,36656,0.1
1901,10_sp_aij_38,2369231,0.1
1902,10_sp_aij_38,416304,0.1
1903,10_sp_aij_38,10488077,0.1
1904,10_sp_aij_38,8982779,0.1
1905,10_sp_aij_38,12733201,0.1
1906,10_sp_aij_38,9845126,0.1
1907,10_sp_aij_38,9036584,0.1
1908,10_sp_aij_38,5140131,0.1
1909,10_sp_aij_38,8493390,0.1
1910,10_sp_aij_38,3049039,0.1
1911,10_sp_aij_38,2753893,0.1
1912,10_sp_aij_38,11563241,0.1
1913,10_sp_aij_38,5589942,0.1
1914,10_sp_aij_38,2091765,0.1
1915,10_sp_aij_38,2905119,0.1
1916,10_sp_aij_38,4240255,0.1
1917,10_sp_aij_38,10011807,0.1
1918,10_sp_aij_38,5576645,0.1
1919,10_sp_aij_38,591973,0.1
1920,10_sp_aij_38,4211685,0.1
1921,10_sp_aij_38,9275155,0.1
1922,10_sp_aij_38,10793741,0.1
1923,10_sp_aij_38,41300,0.1
1924,10_sp_aij_38,2858482,0.1
1925,10_sp_aij_38,6550368,0.1
1926,10_sp_aij_38,3346496,0.1
1927,10_sp_aij_38,12305126,0.1
1928,10_sp_aij_38,8717317,0.1
1929,10_sp_aij_38,6543552,0.1
1930,10_sp_aij_38,5614865,0.1
1931,10_sp_aij_38,9104526,0.1
1932,10_sp_aij_38,10435541,0.1
1933,10_sp_aij_38,11942766,0.1
1934,10_sp_aij_38,6667140,0.1
1935,10_sp_aij_38,10471522,0.1
1936,10_sp_aij_38,115475,0.1
1937,10_sp_aij_38,2721265,0.1
1938,10_sp_aij_38,309357,0.1
1939,10_sp_aij_38,9668522,0.1
1940,10_sp_aij_38,2698393,0.1
1941,10_sp_aij_38,9638443,0.1
1942,10_sp_aij_38,11499954,0.1
1943,10_sp_aij_38,1444356,0.1
1944,10_sp_aij_38,8745245,0.1
1945,10_sp_aij_38,7964854,0.1
1946,10_sp_aij_38,1768742,0.1
1947,10_sp_aij_38,8139908,0.1
1948,10_sp_aij_38,10646715,0.1
1949,10_sp_aij_38,10999907,0.1
1950,10_sp_aij_39,36656,0.1
1951,10_sp_aij_39,2369231,0.1
1952,10_sp_aij_39,416304,0.1
1953,10_sp_aij_39,10488077,0.1
1954,10_sp_aij_39,8982779,0.1
1955,10_sp_aij_39,12733201,0.1
1956,10_sp_aij_39,9845126,0.1
1957,10_sp_aij_39,9036584,0.1
1958,10_sp_aij_39,5140131,0.1
1959,10_sp_aij_39,8493390,0.1
1960,10_sp_aij_39,3049039,0.1
1961,10_sp_aij_39,2753893,0.1
1962,10_sp_aij_39,11563241,0.1
1963,10_sp_aij_39,5589942,0.1
1964,10_sp_aij_39,2091765,0.1
1965,10_sp_aij_39,2905119,0.1
1966,10_sp_aij_39,4240255,0.1
1967,10_sp_aij_39,10011807,0.1
1968,10_sp_aij_39,5576645,0.1
1969,10_sp_aij_39,591973,0.1
1970,10_sp_aij_39,4211685,0.1
1971,10_sp_aij_39,9275155,0.1
1972,10_sp_aij_39,10793741,0.1
1973,10_sp_aij_39,41300,0.1
1974,10_sp_aij_39,2858482,0.1
1975,10_sp_aij_39,6550368,0.1
1976,10_sp_aij_39,3346496,0.1
1977,10_sp_aij_39,12305126,0.1
1978,10_sp_aij_39,8717317,0.1
1979,10_sp_aij_39,6543552,0.1
1980,10_sp_aij_39,5614865,0.1
1981,10_sp_aij_39,9104526,0.1
1982,10_sp_aij_39,10435541,0.1
1983,10_sp_aij_39,11942766,0.1
1984,10_sp_aij_39,6667140,0.1
1985,10_sp_aij_39,10471522,0.1
1986,10_sp_aij_39,115475,0.1
1987,10_sp_aij_39,2721265,0.1
1988,10_sp_aij_39,309357,0.1
1989,10_sp_aij_39,9668522,0.1
1990,10_sp_aij_39,2698393,0.1
1991,10_sp_aij_39,9638443,0.1
1992,10_sp_aij_39,11499954,0.1
1993,10_sp_aij_39,1444356,0.1
1994,10_sp_aij_39,8745245,0.1
1995,10_sp_aij_39,7964854,0.1
1996,10_sp_aij_39,1768742,0.1
1997,10_sp_aij_39,8139908,0.1
1998,10_sp_aij_39,10646715,0.1
1999,10_sp_aij_39,10999907,0.1
2000,10_sp_aij_40,36656,0.1
2001,10_sp_aij_40,2369231,0.1
2002,10_sp_aij_40,416304,0.1
2003,10_sp_aij_40,10488077,0.1
2004,10_sp_aij_40,8982779,0.1
2005,10_sp_aij_40,12733201,0.1
2006,10_sp_aij_40,9845126,0.1
2007,10_sp_aij_40,9036584,0.1
2008,10_sp_aij_40,5140131,0.1
2009,10_sp_aij_40,8493390,0.1
2010,10_sp_aij_40,3049039,0.1
2011,10_sp_aij_40,2753893,0.1
2012,10_sp_aij_40,11563241,0.1
2013,10_sp_aij_40,5589942,0.1
2014,10_sp_aij_40,2091765,0.1
2015,10_sp_aij_40,2905119,0.1
2016,10_sp_aij_40,4240255,0.1
2017,10_sp_aij_40,10011807,0.1
2018,10_sp_aij_40,5576645,0.1
2019,10_sp_aij_40,591973,0.1
2020,10_sp_aij_40,4211685,0.1
2021,10_sp_aij_40,9275155,0.1
2022,10_sp_aij_40,10793741,0.1
2023,10_sp_aij_40,41300,0.1
2024,10_sp_aij_40,2858482,0.1
2025,10_sp_aij_40,6550368,0.1
2026,10_sp_aij_40,3346496,0.1
2027,10_sp_aij_40,12305126,0.1
2028,10_sp_aij_40,8717317,0.1
2029,10_sp_aij_40,6543552,0.1
2030,10_sp_aij_40,5614865,0.1
2031,10_sp_aij_40,9104526,0.1
2032,10_sp_aij_40,10435541,0.1
2033,10_sp_aij_40,11942766,0.1
2034,10_sp_aij_40,6667140,0.1
2035,10_sp_aij_40,10471522,0.1
2036,10_sp_aij_40,115475,0.1
2037,10_sp_aij_40,2721265,0.1
2038,10_sp_aij_40,309357,0.1
2039,10_sp_aij_40,9668522,0.1
2040,10_sp_aij_40,2698393,0.1
2041,10_sp_aij_40,9638443,0.1
2042,10_sp_aij_40,11499954,0.1
2043,10_sp_aij_40,1444356,0.1
2044,10_sp_aij_40,8745245,0.1
2045,10_sp_aij_40,7964854,0.1
2046,10_sp_aij_40,1768742,0.1
2047,10_sp_aij_40,8139908,0.1
2048,10_sp_aij_40,10646715,0.1
2049,10_sp_aij_40,10999907,0.1
2050,10_sp_aij_41,36656,0.1
2051,10_sp_aij_41,2369231,0.1
2052,10_sp_aij_41,416304,0.1
2053,10_sp_aij_41,10488077,0.1
2054,10_sp_aij_41,8982779,0.1
2055,10_sp_aij_41,12733201,0.1
2056,10_sp_aij_41,9845126,0.1
2057,10_sp_aij_41,9036584,0.1
2058,10_sp_aij_41,5140131,0.1
2059,10_sp_aij_41,8493390,0.1
2060,10_sp_aij_41,3049039,0.1
2061,10_sp_aij_41,2753893,0.1
2062,10_sp_aij_41,11563241,0.1
2063,10_sp_aij_41,5589942,0.1
2064,10_sp_aij_41,2091765,0.1
2065,10_sp_aij_41,2905119,0.1
2066,10_sp_aij_41,4240255,0.1
2067,10_sp_aij_41,10011807,0.1
2068,10_sp_aij_41,5576645,0.1
2069,10_sp_aij_41,591973,0.1
2070,10_sp_aij_41,4211685,0.1
2071,10_sp_aij_41,9275155,0.1
2072,10_sp_aij_41,10793741,0.1
2073,10_sp_aij_41,41300,0.1
2074,10_sp_aij_41,2858482,0.1
2075,10_sp_aij_41,6550368,0.1
2076,10_sp_aij_41,3346496,0.1
2077,10_sp_aij_41,12305126,0.1
2078,10_sp_aij_41,8717317,0.1
2079,10_sp_aij_41,6543552,0.1
2080,10_sp_aij_41,5614865,0.1
2081,10_sp_aij_41,9104526,0.1
2082,10_sp_aij_41,10435541,0.1
2083,10_sp_aij_41,11942766,0.1
2084,10_sp_aij_41,6667140,0.1
2085,10_sp_aij_41,10471522,0.1
2086,10_sp_aij_41,115475,0.1
2087,10_sp_aij_41,2721265,0.1
2088,10_sp_aij_41,309357,0.1
2089,10_sp_aij_41,9668522,0.1
2090,10_sp_aij_41,2698393,0.1
2091,10_sp_aij_41,9638443,0.1
2092,10_sp_aij_41,11499954,0.1
2093,10_sp_aij_41,1444356,0.1
2094,10_sp_aij_41,8745245,0.1
2095,10_sp_aij_41,7964854,0.1
2096,10_sp_aij_41,1768742,0.1
2097,10_sp_aij_41,8139908,0.1
2098,10_sp_aij_41,10646715,0.1
2099,10_sp_aij_41,10999907,0.1
2100,10_sp_aij_42,36656,0.1
2101,10_sp_aij_42,2369231,0.1
2102,10_sp_aij_42,416304,0.1
2103,10_sp_aij_42,10488077,0.1
2104,10_sp_aij_42,8982779,0.1
2105,10_sp_aij_42,12733201,0.1
2106,10_sp_aij_42,9845126,0.1
2107,10_sp_aij_42,9036584,0.1
2108,10_sp_aij_42,5140131,0.1
2109,10_sp_aij_42,8493390,0.1
2110,10_sp_aij_42,3049039,0.1
2111,10_sp_aij_42,2753893,0.1
2112,10_sp_aij_42,11563241,0.1
2113,10_sp_aij_42,5589942,0.1
2114,10_sp_aij_42,2091765,0.1
2115,10_sp_aij_42,2905119,0.1
2116,10_sp_aij_42,4240255,0.1
2117,10_sp_aij_42,10011807,0.1
2118,10_sp_aij_42,5576645,0.1
2119,10_sp_aij_42,591973,0.1
2120,10_sp_aij_42,4211685,0.1
2121,10_sp_aij_42,9275155,0.1
2122,10_sp_aij_42,10793741,0.1
2123,10_sp_aij_42,41300,0.1
2124,10_sp_aij_42,2858482,0.1
2125,10_sp_aij_42,6550368,0.1
2126,10_sp_aij_42,3346496,0.1
2127,10_sp_aij_42,12305126,0.1
2128,10_sp_aij_42,8717317,0.1
2129,10_sp_aij_42,6543552,0.1
2130,10_sp_aij_42,5614865,0.1
2131,10_sp_aij_42,9104526,0.1
2132,10_sp_aij_42,10435541,0.1
2133,10_sp_aij_42,11942766,0.1
2134,10_sp_aij_42,6667140,0.1
2135,10_sp_aij_42,10471522,0.1
2136,10_sp_aij_42,115475,0.1
2137,10_sp_aij_42,2721265,0.1
2138,10_sp_aij_42,309357,0.1
2139,10_sp_aij_42,9668522,0.1
2140,10_sp_aij_42,2698393,0.1
2141,10_sp_aij_42,9638443,0.1
2142,10_sp_aij_42,11499954,0.1
2143,10_sp_aij_42,1444356,0.1
2144,10_sp_aij_42,8745245,0.1
2145,10_sp_aij_42,7964854,0.1
2146,10_sp_aij_42,1768742,0.1
2147,10_sp_aij_42,8139908,0.1
2148,10_sp_aij_42,10646715,0.1
2149,10_sp_aij_42,10999907,0.1
2150,10_sp_aij_43,36656,0.1
2151,10_sp_aij_43,2369231,0.1
2152,10_sp_aij_43,416304,0.1
2153,10_sp_aij_43,10488077,0.1
2154,10_sp_aij_43,8982779,0.1
2155,10_sp_aij_43,12733201,0.1
2156,10_sp_aij_43,9845126,0.1
2157,10_sp_aij_43,9036584,0.1
2158,10_sp_aij_43,5140131,0.1
2159,10_sp_aij_43,8493390,0.1
2160,10_sp_aij_43,3049039,0.1
2161,10_sp_aij_43,2753893,0.1
2162,10_sp_aij_43,11563241,0.1
2163,10_sp_aij_43,5589942,0.1
2164,10_sp_aij_43,2091765,0.1
2165,10_sp_aij_43,2905119,0.1
2166,10_sp_aij_43,4240255,0.1
2167,10_sp_aij_43,10011807,0.1
2168,10_sp_aij_43,5576645,0.1
2169,10_sp_aij_43,591973,0.1
2170,10_sp_aij_43,4211685,0.1
2171,10_sp_aij_43,9275155,0.1
2172,10_sp_aij_43,10793741,0.1
2173,10_sp_aij_43,41300,0.1
2174,10_sp_aij_43,2858482,0.1
2175,10_sp_aij_43,6550368,0.1
2176,10_sp_aij_43,3346496,0.1
2177,10_sp_aij_43,12305126,0.1
2178,10_sp_aij_43,8717317,0.1
2179,10_sp_aij_43,6543552,0.1
2180,10_sp_aij_43,5614865,0.1
2181,10_sp_aij_43,9104526,0.1
2182,10_sp_aij_43,10435541,0.1
2183,10_sp_aij_43,11942766,0.1
2184,10_sp_aij_43,6667140,0.1
2185,10_sp_aij_43,10471522,0.1
2186,10_sp_aij_43,115475,0.1
2187,10_sp_aij_43,2721265,0.1
2188,10_sp_aij_43,309357,0.1
2189,10_sp_aij_43,9668522,0.1
2190,10_sp_aij_43,2698393,0.1
2191,10_sp_aij_43,9638443,0.1
2192,10_sp_aij_43,11499954,0.1
2193,10_sp_aij_43,1444356,0.1
2194,10_sp_aij_43,8745245,0.1
2195,10_sp_aij_43,7964854,0.1
2196,10_sp_aij_43,1768742,0.1
2197,10_sp_aij_43,8139908,0.1
2198,10_sp_aij_43,10646715,0.1
2199,10_sp_aij_43,10999907,0.1
2200,10_sp_aij_44,36656,0.1
2201,10_sp_aij_44,2369231,0.1
2202,10_sp_aij_44,416304,0.1
2203,10_sp_aij_44,10488077,0.1
2204,10_sp_aij_44,8982779,0.1
2205,10_sp_aij_44,12733201,0.1
2206,10_sp_aij_44,9845126,0.1
2207,10_sp_aij_44,9036584,0.1
2208,10_sp_aij_44,5140131,0.1
2209,10_sp_aij_44,8493390,0.1
2210,10_sp_aij_44,3049039,0.1
2211,10_sp_aij_44,2753893,0.1
2212,10_sp_aij_44,11563241,0.1
2213,10_sp_aij_44,5589942,0.1
2214,10_sp_aij_44,2091765,0.1
2215,10_sp_aij_44,2905119,0.1
2216,10_sp_aij_44,4240255,0.1
2217,10_sp_aij_44,10011807,0.1
2218,10_sp_aij_44,5576645,0.1
2219,10_sp_aij_44,591973,0.1
2220,10_sp_aij_44,4211685,0.1
2221,10_sp_aij_44,9275155,0.1
2222,10_sp_aij_44,10793741,0.1
2223,10_sp_aij_44,41300,0.1
2224,10_sp_aij_44,2858482,0.1
2225,10_sp_aij_44,6550368,0.1
2226,10_sp_aij_44,3346496,0.1
2227,10_sp_aij_44,12305126,0.1
2228,10_sp_aij_44,8717317,0.1
2229,10_sp_aij_44,6543552,0.1
2230,10_sp_aij_44,5614865,0.1
2231,10_sp_aij_44,9104526,0.1
2232,10_sp_aij_44,10435541,0.1
2233,10_sp_aij_44,11942766,0.1
2234,10_sp_aij_44,6667140,0.1
2235,10_sp_aij_44,10471522,0.1
2236,10_sp_aij_44,115475,0.1
2237,10_sp_aij_44,2721265,0.1
2238,10_sp_aij_44,309357,0.1
2239,10_sp_aij_44,9668522,0.1
2240,10_sp_aij_44,2698393,0.1
2241,10_sp_aij_44,9638443,0.1
2242,10_sp_aij_44,11499954,0.1
2243,10_sp_aij_44,1444356,0.1
2244,10_sp_aij_44,8745245,0.1
2245,10_sp_aij_44,7964854,0.1
2246,10_sp_aij_44,1768742,0.1
2247,10_sp_aij_44,8139908,0.1
2248,10_sp_aij_44,10646715,0.1
2249,10_sp_aij_44,10999907,0.1
2250,10_sp_aij_45,36656,0.1
2251,10_sp_aij_45,2369231,0.1
2252,10_sp_aij_45,416304,0.1
2253,10_sp_aij_45,10488077,0.1
2254,10_sp_aij_45,8982779,0.1
2255,10_sp_aij_45,12733201,0.1
2256,10_sp_aij_45,9845126,0.1
2257,10_sp_aij_45,9036584,0.1
2258,10_sp_aij_45,5140131,0.1
2259,10_sp_aij_45,8493390,0.1
2260,10_sp_aij_45,3049039,0.1
2261,10_sp_aij_45,2753893,0.1
2262,10_sp_aij_45,11563241,0.1
2263,10_sp_aij_45,5589942,0.1
2264,10_sp_aij_45,2091765,0.1
2265,10_sp_aij_45,2905119,0.1
2266,10_sp_aij_45,4240255,0.1
2267,10_sp_aij_45,10011807,0.1
2268,10_sp_aij_45,5576645,0.1
2269,10_sp_aij_45,591973,0.1
2270,10_sp_aij_45,4211685,0.1
2271,10_sp_aij_45,9275155,0.1
2272,10_sp_aij_45,10793741,0.1
2273,10_sp_aij_45,41300,0.1
2274,10_sp_aij_45,2858482,0.1
2275,10_sp_aij_45,6550368,0.1
2276,10_sp_aij_45,3346496,0.1
2277,10_sp_aij_45,12305126,0.1
2278,10_sp_aij_45,8717317,0.1
2279,10_sp_aij_45,6543552,0.1
2280,10_sp_aij_45,5614865,0.1
2281,10_sp_aij_45,9104526,0.1
2282,10_sp_aij_45,10435541,0.1
2283,10_sp_aij_45,11942766,0.1
2284,10_sp_aij_45,6667140,0.1
2285,10_sp_aij_45,10471522,0.1
2286,10_sp_aij_45,115475,0.1
2287,10_sp_aij_45,2721265,0.1
2288,10_sp_aij_45,309357,0.1
2289,10_sp_aij_45,9668522,0.1
2290,10_sp_aij_45,2698393,0.1
2291,10_sp_aij_45,9638443,0.1
2292,10_sp_aij_45,11499954,0.1
2293,10_sp_aij_45,1444356,0.1
2294,10_sp_aij_45,8745245,0.1
2295,10_sp_aij_45,7964854,0.1
2296,10_sp_aij_45,1768742,0.1
2297,10_sp_aij_45,8139908,0.1
2298,10_sp_aij_45,10646715,0.1
2299,10_sp_aij_45,10999907,0.1
2300,10_sp_aij_46,36656,0.1
2301,10_sp_aij_46,2369231,0.1
2302,10_sp_aij_46,416304,0.1
2303,10_sp_aij_46,10488077,0.1
2304,10_sp_aij_46,8982779,0.1
2305,10_sp_aij_46,12733201,0.1
2306,10_sp_aij_46,9845126,0.1
2307,10_sp_aij_46,9036584,0.1
2308,10_sp_aij_46,5140131,0.1
2309,10_sp_aij_46,8493390,0.1
2310,10_sp_aij_46,3049039,0.1
2311,10_sp_aij_46,2753893,0.1
2312,10_sp_aij_46,11563241,0.1
2313,10_sp_aij_46,5589942,0.1
2314,10_sp_aij_46,2091765,0.1
2315,10_sp_aij_46,2905119,0.1
2316,10_sp_aij_46,4240255,0.1
2317,10_sp_aij_46,10011807,0.1
2318,10_sp_aij_46,5576645,0.1
2319,10_sp_aij_46,591973,0.1
2320,10_sp_aij_46,4211685,0.1
2321,10_sp_aij_46,9275155,0.1
2322,10_sp_aij_46,10793741,0.1
2323,10_sp_aij_46,41300,0.1
2324,10_sp_aij_46,2858482,0.1
2325,10_sp_aij_46,6550368,0.1
2326,10_sp_aij_46,3346496,0.1
2327,10_sp_aij_46,12305126,0.1
2328,10_sp_aij_46,8717317,0.1
2329,10_sp_aij_46,6543552,0.1
2330,10_sp_aij_46,5614865,0.1
2331,10_sp_aij_46,9104526,0.1
2332,10_sp_aij_46,10435541,0.1
2333,10_sp_aij_46,11942766,0.1
2334,10_sp_aij_46,6667140,0.1
2335,10_sp_aij_46,10471522,0.1
2336,10_sp_aij_46,115475,0.1
2337,10_sp_aij_46,2721265,0.1
2338,10_sp_aij_46,309357,0.1
2339,10_sp_aij_46,9668522,0.1
2340,10_sp_aij_46,2698393,0.1
2341,10_sp_aij_46,9638443,0.1
2342,10_sp_aij_46,11499954,0.1
2343,10_sp_aij_46,1444356,0.1
2344,10_sp_aij_46,8745245,0.1
2345,10_sp_aij_46,7964854,0.1
2346,10_sp_aij_46,1768742,0.1
2347,10_sp_aij_46,8139908,0.1
2348,10_sp_aij_46,10646715,0.1
2349,10_sp_aij_46,10999907,0.1
2350,10_sp_aij_47,36656,0.1
2351,10_sp_aij_47,2369231,0.1
2352,10_sp_aij_47,416304,0.1
2353,10_sp_aij_47,10488077,0.1
2354,10_sp_aij_47,8982779,0.1
2355,10_sp_aij_47,12733201,0.1
2356,10_sp_aij_47,9845126,0.1
2357,10_sp_aij_47,9036584,0.1
2358,10_sp_aij_47,5140131,0.1
2359,10_sp_aij_47,8493390,0.1
2360,10_sp_aij_47,3049039,0.1
2361,10_sp_aij_47,2753893,0.1
2362,10_sp_aij_47,11563241,0.1
2363,10_sp_aij_47,5589942,0.1
2364,10_sp_aij_47,2091765,0.1
2365,10_sp_aij_47,2905119,0.1
2366,10_sp_aij_47,4240255,0.1
2367,10_sp_aij_47,10011807,0.1
2368,10_sp_aij_47,5576645,0.1
2369,10_sp_aij_47,591973,0.1
2370,10_sp_aij_47,4211685,0.1
2371,10_sp_aij_47,9275155,0.1
2372,10_sp_aij_47,10793741,0.1
2373,10_sp_aij_47,41300,0.1
2374,10_sp_aij_47,2858482,0.1
2375,10_sp_aij_47,6550368,0.1
2376,10_sp_aij_47,3346496,0.1
2377,10_sp_aij_47,12305126,0.1
2378,10_sp_aij_47,8717317,0.1
2379,10_sp_aij_47,6543552,0.1
2380,10_sp_aij_47,5614865,0.1
2381,10_sp_aij_47,9104526,0.1
2382,10_sp_aij_47,10435541,0.1
2383,10_sp_aij_47,11942766,0.1
2384,10_sp_aij_47,6667140,0.1
2385,10_sp_aij_47,10471522,0.1
2386,10_sp_aij_47,115475,0.1
2387,10_sp_aij_47,2721265,0.1
2388,10_sp_aij_47,309357,0.1
2389,10_sp_aij_47,9668522,0.1
2390,10_sp_aij_47,2698393,0.1
2391,10_sp_aij_47,9638443,0.1
2392,10_sp_aij_47,11499954,0.1
2393,10_sp_aij_47,1444356,0.1
2394,10_sp_aij_47,8745245,0.1
2395,10_sp_aij_47,7964854,0.1
2396,10_sp_aij_47,1768742,0.1
2397,10_sp_aij_47,8139908,0.1
2398,10_sp_aij_47,10646715,0.1
2399,10_sp_aij_47,10999907,0.1
2400,10_sp_aij_48,36656,0.1
2401,10_sp_aij_48,2369231,0.1
2402,10_sp_aij_48,416304,0.1
2403,10_sp_aij_48,10488077,0.1
2404,10_sp_aij_48,8982779,0.1
2405,10_sp_aij_48,12733201,0.1
2406,10_sp_aij_48,9845126,0.1
2407,10_sp_aij_48,9036584,0.1
2408,10_sp_aij_48,5140131,0.1
2409,10_sp_aij_48,8493390,0.1
2410,10_sp_aij_48,3049039,0.1
2411,10_sp_aij_48,2753893,0.1
2412,10_sp_aij_48,11563241,0.1
2413,10_sp_aij_48,5589942,0.1
2414,10_sp_aij_48,2091765,0.1
2415,10_sp_aij_48,2905119,0.1
2416,10_sp_aij_48,4240255,0.1
2417,10_sp_aij_48,10011807,0.1
2418,10_sp_aij_48,5576645,0.1
2419,10_sp_aij_48,591973,0.1
2420,10_sp_aij_48,4211685,0.1
2421,10_sp_aij_48,9275155,0.1
2422,10_sp_aij_48,10793741,0.1
2423,10_sp_aij_48,41300,0.1
2424,10_sp_aij_48,2858482,0.1
2425,10_sp_aij_48,6550368,0.1
2426,10_sp_aij_48,3346496,0.1
2427,10_sp_aij_48,12305126,0.1
2428,10_sp_aij_48,8717317,0.1
2429,10_sp_aij_48,6543552,0.1
2430,10_sp_aij_48,5614865,0.1
2431,10_sp_aij_48,9104526,0.1
2432,10_sp_aij_48,10435541,0.1
2433,10_sp_aij_48,11942766,0.1
2434,10_sp_aij_48,6667140,0.1
2435,10_sp_aij_48,10471522,0.1
2436,10_sp_aij_48,115475,0.1
2437,10_sp_aij_48,2721265,0.1
2438,10_sp_aij_48,309357,0.1
2439,10_sp_aij_48,9668522,0.1
2440,10_sp_aij_48,2698393,0.1
2441,10_sp_aij_48,9638443,0.1
2442,10_sp_aij_48,11499954,0.1
2443,10_sp_aij_48,1444356,0.1
2444,10_sp_aij_48,8745245,0.1
2445,10_sp_aij_48,7964854,0.1
2446,10_sp_aij_48,1768742,0.1
2447,10_sp_aij_48,8139908,0.1
2448,10_sp_aij_48,10646715,0.1
2449,10_sp_aij_48,10999907,0.1
2450,10_sp_aij_49,36656,0.1
2451,10_sp_aij_49,2369231,0.1
2452,10_sp_aij_49,416304,0.1
2453,10_sp_aij_49,10488077,0.1
2454,10_sp_aij_49,8982779,0.1
2455,10_sp_aij_49,12733201,0.1
2456,10_sp_aij_49,9845126,0.1
2457,10_sp_aij_49,9036584,0.1
2458,10_sp_aij_49,5140131,0.1
2459,10_sp_aij_49,8493390,0.1
2460,10_sp_aij_49,3049039,0.1
2461,10_sp_aij_49,2753893,0.1
2462,10_sp_aij_49,11563241,0.1
2463,10_sp_aij_49,5589942,0.1
2464,10_sp_aij_49,2091765,0.1
2465,10_sp_aij_49,2905119,0.1
2466,10_sp_aij_49,4240255,0.1
2467,10_sp_aij_49,10011807,0.1
2468,10_sp_aij_49,5576645,0.1
2469,10_sp_aij_49,591973,0.1
2470,10_sp_aij_49,4211685,0.1
2471,10_sp_aij_49,9275155,0.1
2472,10_sp_aij_49,10793741,0.1
2473,10_sp_aij_49,41300,0.1
2474,10_sp_aij_49,2858482,0.1
2475,10_sp_aij_49,6550368,0.1
2476,10_sp_aij_49,3346496,0.1
2477,10_sp_aij_49,12305126,0.1
2478,10_sp_aij_49,8717317,0.1
2479,10_sp_aij_49,6543552,0.1
2480,10_sp_aij_49,5614865,0.1
2481,10_sp_aij_49,9104526,0.1
2482,10_sp_aij_49,10435541,0.1
2483,10_sp_aij_49,11942766,0.1
2484,10_sp_aij_49,6667140,0.1
2485,10_sp_aij_49,10471522,0.1
2486,10_sp_aij_49,115475,0.1
2487,10_sp_aij_49,2721265,0.1
2488,10_sp_aij_49,309357,0.1
2489,10_sp_aij_49,9668522,0.1
2490,10_sp_aij_49,2698393,0.1
2491,10_sp_aij_49,9638443,0.1
2492,10_sp_aij_49,11499954,0.1
2493,10_sp_aij_49,1444356,0.1
2494,10_sp_aij_49,8745245,0.1
2495,10_sp_aij_49,7964854,0.1
2496,10_sp_aij_49,1768742,0.1
2497,10_sp_aij_49,8139908,0.1
2498,10_sp_aij_49,10646715,0.1
2499,10_sp_aij_49,10999907,0.1
