,time,species_0,species_1,species_2,species_3,species_4,species_5,species_6,species_7,species_8,species_9,ground_truth,timeseries_id,noise,n_species,did,n_timeseries,n_timepoints,sampling_scheme
0,0.0,0.04,0.05,0.01,0.02,0.02,0.07,0.01,0.09,0.07,0.03,10_sp_aij_43,36656,0.1,10,7614,3,50,even
1,0.6060606060606061,0.03852512740829,0.0648889973411933,0.0094106026986384,0.0254474005296914,0.0258654598609416,0.0815169358125065,0.0112178884076989,0.0700571449814249,0.0666650179353701,0.0331126803339343,10_sp_aij_43,36656,0.1,10,7614,3,50,even
2,1.2121212121212122,0.0432621814423098,0.0802010645769733,0.0103119006764679,0.02401145474166,0.0338519180256746,0.1006001732320643,0.0124120081695435,0.0712803688202948,0.0710371212519734,0.04430027156322,10_sp_aij_43,36656,0.1,10,7614,3,50,even
3,1.8181818181818183,0.0488763264035298,0.0840769671025164,0.0104457354378503,0.0282071408475055,0.0354573060507971,0.1236540832354849,0.0154583942831668,0.0798399555201137,0.0825103218679426,0.0535919832796523,10_sp_aij_43,36656,0.1,10,7614,3,50,even
4,2.4242424242424243,0.0493690492278848,0.1254872366698891,0.0083333330947813,0.0343327326402261,0.0452737331553372,0.1567313441416639,0.0191559776890832,0.0716319319883055,0.0818299800250162,0.0568432620315426,10_sp_aij_43,36656,0.1,10,7614,3,50,even
5,3.0303030303030303,0.0604323243180308,0.1400341672819597,0.0094866218553415,0.0430326003044796,0.0384157565939788,0.1443800860375989,0.026194839627191,0.0657278112370607,0.0605494174516068,0.06136630426341,10_sp_aij_43,36656,0.1,10,7614,3,50,even
6,3.6363636363636367,0.0729327967253795,0.1463099141222568,0.0101636092778864,0.0416189804331232,0.0368266833729264,0.1142112117399352,0.0351464503782816,0.0704890000040915,0.048753033494273,0.0528467007968117,10_sp_aij_43,36656,0.1,10,7614,3,50,even
7,4.242424242424242,0.0802909824416202,0.1352806866582582,0.0101660305859018,0.0425029004218807,0.0381338930924615,0.1262155673720355,0.03522776153271,0.0725660713108357,0.0482099300482185,0.0732352701537751,10_sp_aij_43,36656,0.1,10,7614,3,50,even
8,4.848484848484849,0.0934848302611117,0.1625913688042677,0.0134825661568435,0.054449157782596,0.0390996106271729,0.1527882991446187,0.042326207088779,0.0654433475239862,0.0536793833915707,0.0689486786226543,10_sp_aij_43,36656,0.1,10,7614,3,50,even
9,5.454545454545455,0.0839253838530803,0.167540759701034,0.0177202884168994,0.0646581684652539,0.0535868662984116,0.1888663668597454,0.0341126126694721,0.0673182718057745,0.0523626087450004,0.0852528487528576,10_sp_aij_43,36656,0.1,10,7614,3,50,even
10,6.0606060606060606,0.1076236208457721,0.1525208161072808,0.0176504531219594,0.0750172018621172,0.0519870405150935,0.1661106083663969,0.0445587237149094,0.0639292455612152,0.0523849476349745,0.0957031619433663,10_sp_aij_43,36656,0.1,10,7614,3,50,even
11,6.666666666666667,0.1381098703354177,0.148212292543337,0.0177178289824093,0.0701456996184111,0.0481407894151162,0.1497292859246026,0.0492015200214575,0.0546196993675899,0.0530887638973397,0.089223322547864,10_sp_aij_43,36656,0.1,10,7614,3,50,even
12,7.272727272727273,0.1264076157553143,0.1081955245449533,0.0236799038644523,0.0873215445495521,0.0397540251839921,0.1645244911300662,0.0554743410942971,0.0471947744959484,0.0392716474287736,0.075920910964594,10_sp_aij_43,36656,0.1,10,7614,3,50,even
13,7.878787878787879,0.1299968033091713,0.1057679807718457,0.0326216251805353,0.0858463786542165,0.0468698782414588,0.1706749678010213,0.0555972687245558,0.0502984188986703,0.0361392767215999,0.0767028944957354,10_sp_aij_43,36656,0.1,10,7614,3,50,even
14,8.484848484848484,0.1053890445110027,0.09849566355419,0.0301964966828589,0.0862520566382168,0.0467612892661362,0.1721165804147687,0.0561108405204969,0.0503193314447815,0.0339311881319835,0.0753738994688266,10_sp_aij_43,36656,0.1,10,7614,3,50,even
15,9.090909090909092,0.0675811540496768,0.0911242992967472,0.0318049919066094,0.0750906198113494,0.0525331835660954,0.1615516270053186,0.0532125759414007,0.0530389808951551,0.0335424383550693,0.067589016190792,10_sp_aij_43,36656,0.1,10,7614,3,50,even
16,9.696969696969695,0.0577290362083443,0.0815800915147774,0.0333027804249379,0.0777710165673329,0.0660063349681054,0.1498163335969437,0.0642240892390752,0.0623852848642903,0.0320422067772825,0.0508216510718177,10_sp_aij_43,36656,0.1,10,7614,3,50,even
17,10.303030303030305,0.0533854204575788,0.0874882327060649,0.0320183022487455,0.0654962196155216,0.0708669384076354,0.1530004707070157,0.0692140908691707,0.0609948377877621,0.0275844987688804,0.0444720715268757,10_sp_aij_43,36656,0.1,10,7614,3,50,even
18,10.90909090909091,0.0505700868005178,0.0904312818034559,0.0332757636904986,0.0465273248542391,0.0734975849814174,0.1370956617526419,0.0707717146900239,0.0601154863453426,0.0258433599875537,0.0525978040450702,10_sp_aij_43,36656,0.1,10,7614,3,50,even
19,11.515151515151516,0.0433601363568069,0.0729363265768931,0.0435522064805823,0.0571693888556077,0.0903799946528589,0.1909989863294711,0.0712931785138461,0.0618524527033999,0.0236832161772748,0.0646181446256907,10_sp_aij_43,36656,0.1,10,7614,3,50,even
20,12.12121212121212,0.0450354811729639,0.0764847993790708,0.0417215614462255,0.0623752286190725,0.1106912470729748,0.2090996312244843,0.0874168380421333,0.0570080659066568,0.0201758228622436,0.0770658236000492,10_sp_aij_43,36656,0.1,10,7614,3,50,even
21,12.727272727272728,0.0425316313801367,0.0512810795689182,0.0493319653783609,0.0702050771901891,0.1183601953595818,0.1900564575268503,0.084495985985607,0.0559590691101686,0.0214430587993615,0.0839525278829724,10_sp_aij_43,36656,0.1,10,7614,3,50,even
22,13.333333333333334,0.038510137725021,0.0543601848937724,0.0564831175446775,0.0704236942051873,0.0996142659583446,0.2274022867518094,0.0953297235876069,0.0642120997831186,0.0274826652760706,0.0888513014240227,10_sp_aij_43,36656,0.1,10,7614,3,50,even
23,13.93939393939394,0.041313605600854,0.0560458396016504,0.0421329691160063,0.0633256312102695,0.1077684634096364,0.2183049122586482,0.1200861030481133,0.0753603408721507,0.0284550004575176,0.0812406019878081,10_sp_aij_43,36656,0.1,10,7614,3,50,even
24,14.545454545454549,0.0426632350931884,0.0519294788946076,0.0452143939103098,0.0640869949340292,0.1046737974673221,0.2035350895861135,0.1249204741079893,0.0632329021711928,0.02715588281134,0.0877652599671971,10_sp_aij_43,36656,0.1,10,7614,3,50,even
25,15.151515151515152,0.0486533799791912,0.0501148534154973,0.0370747831094475,0.0626793669003885,0.0996703057435131,0.1984126331308292,0.1025908502665982,0.0607721169403531,0.0333840719579592,0.0988094139798395,10_sp_aij_43,36656,0.1,10,7614,3,50,even
26,15.757575757575758,0.0437380789569534,0.0385029342634774,0.0304920441370332,0.0627187780851566,0.1027368156053298,0.1817230806614458,0.0814100725088698,0.0644853689410349,0.0348502373417492,0.1100751379565151,10_sp_aij_43,36656,0.1,10,7614,3,50,even
27,16.363636363636363,0.0524108497181954,0.0321563807585614,0.0327080551617564,0.0671392627231135,0.1093880693321035,0.2024341205418783,0.071522998558399,0.0812137660107698,0.0394455769966746,0.1332053791928519,10_sp_aij_43,36656,0.1,10,7614,3,50,even
28,16.96969696969697,0.0662273916062675,0.0314144943694881,0.0343500119229246,0.0650642149934776,0.1061628782102365,0.2086034891853073,0.0786086538456036,0.0701061679336344,0.0362681271877917,0.1356909568924584,10_sp_aij_43,36656,0.1,10,7614,3,50,even
29,17.575757575757578,0.0665413322150606,0.0518366314005877,0.0278822516714411,0.0715951085025648,0.0968874781014016,0.2459213017846623,0.1026469563890464,0.0764443901809712,0.0406957875928229,0.1418445415706176,10_sp_aij_43,36656,0.1,10,7614,3,50,even
30,18.181818181818183,0.0573930040989366,0.0412515730078391,0.0242836801619564,0.07361187992787,0.1157655131404776,0.2723612145848409,0.0932896499163,0.0944754324128038,0.036005619182279,0.1255981899528587,10_sp_aij_43,36656,0.1,10,7614,3,50,even
31,18.78787878787879,0.0642778407112701,0.0459563895787088,0.0262387854537788,0.0711428808591139,0.1082800108404756,0.2583187612942608,0.1084803576832271,0.0881923349928039,0.03655322307098,0.1074226149518128,10_sp_aij_43,36656,0.1,10,7614,3,50,even
32,19.393939393939394,0.069478833012736,0.0435530204898412,0.026048601736242,0.074336942999245,0.1198177025367592,0.2215943475101673,0.1010661925991464,0.0889128902093193,0.0365474408856044,0.0810668226061226,10_sp_aij_43,36656,0.1,10,7614,3,50,even
33,20.0,0.0680585684792991,0.0444124184742039,0.0234618851576091,0.0804852796002353,0.0888183238254739,0.2136322637928242,0.1162025707885815,0.0820663944306122,0.0336053008434399,0.0767599961763115,10_sp_aij_43,36656,0.1,10,7614,3,50,even
34,20.60606060606061,0.0634645758197887,0.0474023750447532,0.0282575480835791,0.0810436093145763,0.1062432001182694,0.2163297303161846,0.124741029228576,0.081844995098269,0.0329427507162713,0.0835128250885165,10_sp_aij_43,36656,0.1,10,7614,3,50,even
35,21.21212121212121,0.0771635155333373,0.0441255345290094,0.0278080008959903,0.0890318906019719,0.0903177192296862,0.2038232113036711,0.1052453772423802,0.1061129959698797,0.0333159890877491,0.0716317261978405,10_sp_aij_43,36656,0.1,10,7614,3,50,even
36,21.81818181818182,0.0777380817370329,0.0299655829998088,0.032729169854755,0.0916470205558921,0.1051312969431598,0.1999008402164486,0.1087993866292253,0.0770359981320786,0.0410714390264079,0.0613125212100323,10_sp_aij_43,36656,0.1,10,7614,3,50,even
37,22.424242424242426,0.0682739887220762,0.0348109978382107,0.0367997323371643,0.0907926582904999,0.0818580389407278,0.1891768238548704,0.0877112719546498,0.0749279175142367,0.0396222121966812,0.063136058549624,10_sp_aij_43,36656,0.1,10,7614,3,50,even
38,23.03030303030303,0.055813672155587,0.0391020142793269,0.0361145951928151,0.0873548190810298,0.0820087244729691,0.1855386340599508,0.0884343471774767,0.0643103561064376,0.0353004974071277,0.0802653753951209,10_sp_aij_43,36656,0.1,10,7614,3,50,even
39,23.63636363636364,0.0653475904816836,0.0573352730150856,0.0388550384107337,0.1025814845630314,0.0918075869847301,0.1522304748931245,0.1060253114768038,0.0827611233494137,0.0358901082222597,0.0892161200048848,10_sp_aij_43,36656,0.1,10,7614,3,50,even
40,24.24242424242424,0.0737256671902723,0.0523240843212175,0.0332586537568775,0.0984319825249389,0.0952512238343131,0.1786963431907992,0.1027339238217574,0.0819881006337965,0.0373246175325178,0.0739490988070527,10_sp_aij_43,36656,0.1,10,7614,3,50,even
41,24.848484848484848,0.0789212730934969,0.0421141196566234,0.0405860529917985,0.0811597409413557,0.1105309920674812,0.1818928701214015,0.1093724730603436,0.059947118444186,0.0346595177870673,0.0688657809715445,10_sp_aij_43,36656,0.1,10,7614,3,50,even
42,25.454545454545457,0.0872953985683459,0.0375521730050154,0.0458315341863261,0.0720703937401188,0.1135300595763047,0.2089292599030889,0.0947914722549565,0.0585245537267429,0.0356190554166733,0.090669615304004,10_sp_aij_43,36656,0.1,10,7614,3,50,even
43,26.060606060606062,0.0876905968541036,0.0386596998587604,0.0335633833546303,0.0876929827638327,0.1343115933305132,0.2106486407371403,0.0876192268861915,0.0609197210795197,0.045895367595923,0.1190109760266411,10_sp_aij_43,36656,0.1,10,7614,3,50,even
44,26.666666666666668,0.0952109771976937,0.0371694588514308,0.0297533246621689,0.0754778330551494,0.1539144588421646,0.2452077930678954,0.0877634112230087,0.0547104962323806,0.0418844065724057,0.1179972939493554,10_sp_aij_43,36656,0.1,10,7614,3,50,even
45,27.272727272727277,0.1002567815386555,0.0293274051873972,0.03069749902045,0.0747478090995278,0.1351136198486449,0.2824392660451938,0.0917871491234849,0.0495506432564709,0.0380091439142243,0.0949615308556375,10_sp_aij_43,36656,0.1,10,7614,3,50,even
46,27.87878787878788,0.076771967624004,0.0291421143186286,0.0325687541224061,0.0846434892205663,0.1242790287204701,0.3052881627448209,0.0933207977248137,0.0442359953134602,0.034583937480151,0.0982184537158106,10_sp_aij_43,36656,0.1,10,7614,3,50,even
47,28.484848484848484,0.0691359098179634,0.0326963945856593,0.0298545197955396,0.103167616987567,0.1162500570677011,0.2462565263738245,0.0898943304011062,0.0491850844800377,0.0297351019357196,0.1040121727890744,10_sp_aij_43,36656,0.1,10,7614,3,50,even
48,29.090909090909093,0.0667020667587966,0.0314530098464871,0.0257465760189855,0.0845705039133654,0.0961259416445418,0.2378024597565092,0.0801863321222049,0.0597340953347908,0.0225325305526378,0.1244822462934708,10_sp_aij_43,36656,0.1,10,7614,3,50,even
49,30.0,0.0576861714615643,0.0345203203395377,0.0277491976766512,0.111069219906806,0.0856282083259351,0.2499681935194619,0.0648894859102131,0.0632565871599656,0.0219345983851037,0.1086284178167225,10_sp_aij_43,36656,0.1,10,7614,3,50,even
50,0.0,0.06,0.09,0.02,0.06,0.03,0.03,0.04,0.03,0.02,0.03,10_sp_aij_43,416304,0.1,10,7614,3,50,even
51,0.6060606060606061,0.0587956767969697,0.0876005026113969,0.0281900527860625,0.0518964164808702,0.0298141796047231,0.0350009646178173,0.0470086905066273,0.0312921784140722,0.0212310176943282,0.0228226226552778,10_sp_aij_43,416304,0.1,10,7614,3,50,even
52,1.2121212121212122,0.0580290810883819,0.1032371484257042,0.0398325934105317,0.0757526061109195,0.0272115920868877,0.0534524362009624,0.0562323094013249,0.0277534397463496,0.024828613169885,0.0252539101524431,10_sp_aij_43,416304,0.1,10,7614,3,50,even
53,1.8181818181818183,0.0825709629134725,0.0981231391113634,0.0280478039479432,0.0918423279902292,0.0260009296022329,0.065166516560931,0.0654388861837475,0.0350906612211478,0.022597311129984,0.032440097011412,10_sp_aij_43,416304,0.1,10,7614,3,50,even
54,2.4242424242424243,0.087297490425429,0.0823325380275215,0.0288039068733534,0.107360135613166,0.0364210877530651,0.0635470913069461,0.0787638747421599,0.032026204726334,0.0246361371649762,0.0365279538322252,10_sp_aij_43,416304,0.1,10,7614,3,50,even
55,3.0303030303030303,0.1097124347682688,0.0765891012885221,0.0410241689262108,0.1113960854325347,0.039254156318641,0.1135791514950034,0.0864269357373975,0.0423481546849481,0.0284200478641144,0.0440467575630355,10_sp_aij_43,416304,0.1,10,7614,3,50,even
56,3.6363636363636367,0.0969528849249808,0.0592782192078175,0.0404662627261351,0.1102270205559429,0.0402968482213486,0.124259969182672,0.0887600911012942,0.0530301585695903,0.0286279995158358,0.0338183742849492,10_sp_aij_43,416304,0.1,10,7614,3,50,even
57,4.242424242424242,0.0836951619529667,0.058674807045436,0.0326467908404382,0.1094631055653243,0.0409925170911814,0.1372326551746147,0.0959217265933819,0.0535589046380198,0.0280600827115895,0.0411123570091629,10_sp_aij_43,416304,0.1,10,7614,3,50,even
58,4.848484848484849,0.1102290718280966,0.0612325944272412,0.0305559722029551,0.1195987194596671,0.0377397374821568,0.1525709642552623,0.0866805353947357,0.079082728358054,0.0285606284222992,0.0475150868888589,10_sp_aij_43,416304,0.1,10,7614,3,50,even
59,5.454545454545455,0.1132510343985987,0.0549459240650243,0.0367726437366149,0.1485491915048101,0.0406583893297833,0.1693494480440675,0.1028176813688751,0.089456834124375,0.0245163376424801,0.0491912987463085,10_sp_aij_43,416304,0.1,10,7614,3,50,even
60,6.0606060606060606,0.0939469923331055,0.0506983656793181,0.0319961447771411,0.1224075147255032,0.0392791847597301,0.1521839374949459,0.0847919983296585,0.0822385552915855,0.0229109449721625,0.0470486266858667,10_sp_aij_43,416304,0.1,10,7614,3,50,even
61,6.666666666666667,0.0862489163255465,0.0522164870292367,0.0365397823323324,0.134172296659575,0.0361556012299141,0.1782375918625434,0.1039069865980334,0.1114927187942187,0.0254343226346272,0.0456470008499516,10_sp_aij_43,416304,0.1,10,7614,3,50,even
62,7.272727272727273,0.0843243545060994,0.0397416083295967,0.0373158111243021,0.1260064371086881,0.0346292041975715,0.2503803520540368,0.085671236593832,0.1010014039731774,0.0254983790770892,0.0383825250366028,10_sp_aij_43,416304,0.1,10,7614,3,50,even
63,7.878787878787879,0.0806380043616536,0.0317426875923443,0.0319231992724161,0.1438637960006359,0.0288876329740262,0.244457186044594,0.097615918086925,0.1469629389643774,0.0356558027581403,0.0460025870026879,10_sp_aij_43,416304,0.1,10,7614,3,50,even
64,8.484848484848484,0.05973029345396,0.0355617306363395,0.0296616511350491,0.1245261404262695,0.0330365721249946,0.1944949979628865,0.1096880100001941,0.1437945416173085,0.0366750681094796,0.0496993464905412,10_sp_aij_43,416304,0.1,10,7614,3,50,even
65,9.090909090909092,0.0699996395266744,0.0347723434796075,0.031147355924215,0.1309437083146024,0.0370388562182228,0.1664267823811031,0.1098065898813072,0.1159010010470285,0.0475851203262959,0.0531172331573897,10_sp_aij_43,416304,0.1,10,7614,3,50,even
66,9.696969696969695,0.077408032134031,0.044958004332959,0.0291742738383084,0.1156388764584044,0.0364600290561698,0.1615739338843675,0.0957585205237129,0.1286873269127506,0.0478109317080458,0.0512142602941393,10_sp_aij_43,416304,0.1,10,7614,3,50,even
67,10.303030303030305,0.078214888228265,0.0432264340504107,0.0249816593933658,0.1153931378302052,0.0338296691988293,0.170563742166748,0.0971823032106291,0.1154096733308271,0.0500318683235807,0.0457473659123806,10_sp_aij_43,416304,0.1,10,7614,3,50,even
68,10.90909090909091,0.0739257473520711,0.0427747357655802,0.0218062957474605,0.113889443157827,0.0316138405669971,0.1573165566288104,0.069665766438777,0.1247508256356443,0.0401122117224225,0.0533113382261431,10_sp_aij_43,416304,0.1,10,7614,3,50,even
69,11.515151515151516,0.0680491156648658,0.0469929202283919,0.0180903133921546,0.1145360541810061,0.0377078608380199,0.1468765908165354,0.0750586025453272,0.1361555021435862,0.0516260313424667,0.0536869217811511,10_sp_aij_43,416304,0.1,10,7614,3,50,even
70,12.12121212121212,0.0710998974439346,0.0465262624301384,0.0212985279867904,0.0988939834857739,0.0433779898183851,0.1578289914779241,0.06733731785045,0.0975139742056957,0.0584854206308653,0.0540094871905854,10_sp_aij_43,416304,0.1,10,7614,3,50,even
71,12.727272727272728,0.0660167615145423,0.0412126363923986,0.0232635372996115,0.0794704680995918,0.0452437256250769,0.1419437218543661,0.0819273838554079,0.0948965229764946,0.0700908228739039,0.0610527308155943,10_sp_aij_43,416304,0.1,10,7614,3,50,even
72,13.333333333333334,0.0799696821434977,0.040976627624981,0.0230067397596755,0.0928117929300297,0.0546858792083597,0.164033225963496,0.0793106873519797,0.0998081854736433,0.066419018102348,0.0637923094028447,10_sp_aij_43,416304,0.1,10,7614,3,50,even
73,13.93939393939394,0.0717237451678667,0.0413006030710572,0.0266853650320968,0.0856521094682999,0.0539959974831713,0.1578142711259704,0.0762275676964355,0.0872840012110304,0.065007923318346,0.0745616854919607,10_sp_aij_43,416304,0.1,10,7614,3,50,even
74,14.545454545454549,0.0661829444356863,0.0584436961689237,0.0293227727800531,0.1054772570025896,0.0586442103105449,0.1560802628171907,0.1032652405345569,0.0768658202035507,0.0564672174627425,0.0690122273814164,10_sp_aij_43,416304,0.1,10,7614,3,50,even
75,15.151515151515152,0.0578934190771485,0.0532746325069883,0.0259177934644403,0.0893696378241531,0.0596389965956843,0.149349693981353,0.0700511822562513,0.0744429875823492,0.0643803020280894,0.0632059604930252,10_sp_aij_43,416304,0.1,10,7614,3,50,even
76,15.757575757575758,0.0628098683145158,0.0634983492547517,0.029461639658591,0.092230808220093,0.0538773837489441,0.163759117017346,0.059027324746141,0.0730897685655453,0.0612093237549976,0.0776143071551239,10_sp_aij_43,416304,0.1,10,7614,3,50,even
77,16.363636363636363,0.0820081997010228,0.0582796627829823,0.0246966031455452,0.0735497561283227,0.0740573888998091,0.1595130560810122,0.0532722690271936,0.0693298730018918,0.0625410775211519,0.0725781323810871,10_sp_aij_43,416304,0.1,10,7614,3,50,even
78,16.96969696969697,0.0729438170975063,0.0515592176687032,0.0282991290454595,0.0817473072249585,0.0799457608530403,0.1697727287724806,0.0499765339633455,0.0874904726269951,0.0591825757272562,0.0861736422660113,10_sp_aij_43,416304,0.1,10,7614,3,50,even
79,17.575757575757578,0.0890480395587938,0.058125283774639,0.0268371265099893,0.0852746227129057,0.07814807749832,0.1734286376387591,0.0538943788203329,0.0820309531277931,0.0581134006165684,0.0854804129455849,10_sp_aij_43,416304,0.1,10,7614,3,50,even
80,18.181818181818183,0.0996279309009952,0.0657453340067299,0.0232615554043641,0.0850914851560267,0.0741205511024252,0.1971050556186105,0.0700238490728731,0.0899258871838161,0.0518846161538801,0.0818229004267512,10_sp_aij_43,416304,0.1,10,7614,3,50,even
81,18.78787878787879,0.1197753177190721,0.0605098726516653,0.0220659974731717,0.0826635298385737,0.0829670983991693,0.1955862667098768,0.0868400920878147,0.0752009465259175,0.0511625854835548,0.054915799529479,10_sp_aij_43,416304,0.1,10,7614,3,50,even
82,19.393939393939394,0.1207631013453491,0.0652779385426536,0.0241695520102142,0.0820268464353677,0.1209133986359804,0.1633281549441368,0.0642334531789808,0.0708117551983031,0.0507721879870888,0.0486137456334789,10_sp_aij_43,416304,0.1,10,7614,3,50,even
83,20.0,0.1412721246691526,0.0775308452119673,0.0242669075036505,0.0958909374297949,0.0886323257644217,0.145745848083265,0.0530344949271564,0.0789217961904954,0.044989988462134,0.0492431454767333,10_sp_aij_43,416304,0.1,10,7614,3,50,even
84,20.60606060606061,0.1024630706097807,0.0929114599208638,0.0224695483629895,0.1054101472567539,0.0968472442123164,0.1649907219454503,0.0538345679134139,0.0770403872336497,0.0474154334075163,0.0490469334529732,10_sp_aij_43,416304,0.1,10,7614,3,50,even
85,21.21212121212121,0.0894695982770925,0.0777577432185616,0.0264142551946276,0.0792669675637017,0.1007679377580865,0.1708833786973065,0.0462004879896734,0.0731999054606418,0.0549670104812695,0.0368119612933635,10_sp_aij_43,416304,0.1,10,7614,3,50,even
86,21.81818181818182,0.0853338562657434,0.0838802975429858,0.0319864844911152,0.0686349489180759,0.0913432224465017,0.2044548011563348,0.0528876099914496,0.0629713318595333,0.0645514348026206,0.0447504195895575,10_sp_aij_43,416304,0.1,10,7614,3,50,even
87,22.424242424242426,0.0999975026402752,0.0946216846531467,0.0301881937894711,0.0656483111993695,0.0906740215296612,0.1955079445377077,0.0662653964812007,0.0683777408549196,0.0638725997273447,0.04074141437589,10_sp_aij_43,416304,0.1,10,7614,3,50,even
88,23.03030303030303,0.1099225092305227,0.0942947071691323,0.0373653947844728,0.0710128575339373,0.0881581875976719,0.2255929122461724,0.0725432333677439,0.056543752355624,0.06052158824625,0.0421544960633,10_sp_aij_43,416304,0.1,10,7614,3,50,even
89,23.63636363636364,0.1230061287601789,0.0857997081955206,0.0516097052791214,0.0979540866792368,0.109712531809626,0.1830446363200938,0.0516849900603954,0.0495167357748687,0.0513819653955162,0.0379236533709983,10_sp_aij_43,416304,0.1,10,7614,3,50,even
90,24.24242424242424,0.1430716875195423,0.0866396508264129,0.0622480653748377,0.1070046671922781,0.0810644325319301,0.1722105396428741,0.0659101164745042,0.0528244345021827,0.0563104107045216,0.0325637664812809,10_sp_aij_43,416304,0.1,10,7614,3,50,even
91,24.848484848484848,0.1594930603707445,0.0758206294088085,0.067166760898843,0.0954647843663973,0.0805949572128858,0.1825386951971204,0.0808137999976702,0.0518260017571927,0.0623121424250741,0.0337650539814228,10_sp_aij_43,416304,0.1,10,7614,3,50,even
92,25.454545454545457,0.1240772995142117,0.0700480953655489,0.0690270724572639,0.1241881969362647,0.0911682615467018,0.1875051010450158,0.089944405039259,0.0543193316461701,0.064377560129647,0.0331361406673278,10_sp_aij_43,416304,0.1,10,7614,3,50,even
93,26.060606060606062,0.1423327217384719,0.0612905368034523,0.0619903990350005,0.1404041510647643,0.0853632681250659,0.1706978181883443,0.0901749896837737,0.0470463664904092,0.0622735496236671,0.0331619106858528,10_sp_aij_43,416304,0.1,10,7614,3,50,even
94,26.666666666666668,0.1571179688368064,0.0529447885738928,0.0645389307471376,0.1284453121178105,0.0682728091285593,0.1757478837997169,0.0848112684688496,0.0443885814251452,0.0602049376460987,0.0370284291911241,10_sp_aij_43,416304,0.1,10,7614,3,50,even
95,27.272727272727277,0.1176634169629158,0.0469043224003201,0.0749161838977267,0.1452141085173846,0.067108910916938,0.1925615919232855,0.0870392820634234,0.0581802997304701,0.0473714856643883,0.035458242528668,10_sp_aij_43,416304,0.1,10,7614,3,50,even
96,27.87878787878788,0.1039494736958699,0.0493121464065632,0.0878399990646562,0.1538901977921297,0.0633992993989637,0.2524655365938011,0.0832941372750084,0.0659382010170346,0.0561028591393334,0.0275870274692206,10_sp_aij_43,416304,0.1,10,7614,3,50,even
97,28.484848484848484,0.1088850692018086,0.0464175529398573,0.0959895863469925,0.1427965102062384,0.0563785659148399,0.2210175522611376,0.0698252271685846,0.0514596264810955,0.0656021692117348,0.0266711269951324,10_sp_aij_43,416304,0.1,10,7614,3,50,even
98,29.090909090909093,0.1253051027141211,0.0545851645831291,0.0984887447720859,0.1434667478064185,0.0644243531572519,0.2323963936811363,0.0637077996839926,0.0605308571904982,0.0658527113114679,0.0220989037480991,10_sp_aij_43,416304,0.1,10,7614,3,50,even
99,30.0,0.1082137804479052,0.0599414608223533,0.1246233077688412,0.1223713574627177,0.072406239178357,0.1657356436346242,0.0410999251018607,0.0626837018988743,0.0712543415885428,0.0250893660899973,10_sp_aij_43,416304,0.1,10,7614,3,50,even
100,0.0,0.02,0.02,0.02,0.02,0.04,0.09,0.05,0.04,0.02,0.04,10_sp_aij_43,2369231,0.1,10,7614,3,50,even
101,0.6060606060606061,0.0222614477216284,0.0230884002949292,0.0225830179471289,0.0252535452518559,0.0513615854767459,0.1128061494846067,0.0605057471602774,0.0385458157836484,0.0195273609634757,0.0476904541049014,10_sp_aij_43,2369231,0.1,10,7614,3,50,even
102,1.2121212121212122,0.0254612271810823,0.0251706399164644,0.018320619434887,0.029605360064902,0.0566966732203831,0.1310804837387898,0.067262147455679,0.041167102132151,0.0237628321150884,0.0487381839286572,10_sp_aij_43,2369231,0.1,10,7614,3,50,even
103,1.8181818181818183,0.0238510557785329,0.0223304509642958,0.0157310480491077,0.0290813225369866,0.0510800465104535,0.1597537117640845,0.0763173803501882,0.0476756765522993,0.0309345586160018,0.0561328043455049,10_sp_aij_43,2369231,0.1,10,7614,3,50,even
104,2.4242424242424243,0.0315747382609386,0.0246008211413425,0.0165382797956127,0.029806316933479,0.0641932031023597,0.2186562195147646,0.082051761404523,0.0625171775321655,0.0328874958557321,0.0649196913042764,10_sp_aij_43,2369231,0.1,10,7614,3,50,even
105,3.0303030303030303,0.036112246315436,0.027136706424419,0.0202477379486727,0.0222689848509958,0.0705991598892112,0.2228974887393721,0.0905604861778965,0.0670423367390068,0.0306857711175065,0.0667697953434842,10_sp_aij_43,2369231,0.1,10,7614,3,50,even
106,3.6363636363636367,0.0464945465360725,0.0279825590500526,0.0180508330118452,0.0259831043283197,0.0876856134315336,0.2313877147408745,0.0811985084643281,0.0811294243955566,0.034680165948992,0.092149024244717,10_sp_aij_43,2369231,0.1,10,7614,3,50,even
107,4.242424242424242,0.051619469693746,0.0333624765023988,0.0208949365875702,0.0302011129397289,0.1017866081724985,0.2172901707666062,0.0680410702587406,0.1040017282906912,0.0286524951429496,0.1037245591872394,10_sp_aij_43,2369231,0.1,10,7614,3,50,even
108,4.848484848484849,0.0505976641511275,0.0414673046528637,0.0220737091386534,0.0410974583492588,0.0984152497602288,0.2255388532731634,0.0833407428417194,0.1127512226101785,0.0272140813346056,0.0879606114280446,10_sp_aij_43,2369231,0.1,10,7614,3,50,even
109,5.454545454545455,0.0539242893845117,0.0497839158097434,0.0186645350841428,0.051331955471086,0.1120991571908739,0.2353494988331751,0.0775913889750865,0.1043454734776647,0.0265840582247182,0.1035153179109575,10_sp_aij_43,2369231,0.1,10,7614,3,50,even
110,6.0606060606060606,0.0561553821254435,0.0541978815874926,0.0224286599763902,0.0500541360469581,0.1219356541125435,0.1730186065826272,0.0707976712748689,0.07771058632687,0.0229247855963486,0.0872550731295649,10_sp_aij_43,2369231,0.1,10,7614,3,50,even
111,6.666666666666667,0.0685386669937196,0.0644527629691144,0.0194755623165246,0.0548676481631896,0.1011956326800107,0.2030076575314366,0.0702848424069081,0.1023402667082742,0.0242361652457173,0.0896621100022882,10_sp_aij_43,2369231,0.1,10,7614,3,50,even
112,7.272727272727273,0.0724309731085247,0.0701572718791067,0.0183127429178606,0.0574403876527313,0.1169758904798589,0.1836229761470399,0.0668370189542133,0.1175127582258986,0.0259106807048732,0.0828924426513194,10_sp_aij_43,2369231,0.1,10,7614,3,50,even
113,7.878787878787879,0.0795104071951567,0.0882245204050964,0.0186415563245248,0.0589630612730461,0.1301348264384907,0.1891198235825913,0.0615237913814785,0.1091608037679536,0.0283781017811622,0.0679904168402946,10_sp_aij_43,2369231,0.1,10,7614,3,50,even
114,8.484848484848484,0.1129147879907263,0.0788214884889589,0.0212782616811897,0.0697229891669564,0.1328616175351433,0.2065985580830454,0.0698862724184651,0.1230164170131635,0.0308806716473899,0.0737379353231023,10_sp_aij_43,2369231,0.1,10,7614,3,50,even
115,9.090909090909092,0.1109935070656288,0.0863020548177961,0.0219433488386858,0.0850497229313411,0.1225720009393165,0.211911033308059,0.0830823486366771,0.1181702960678561,0.035390302593986,0.0643750136457767,10_sp_aij_43,2369231,0.1,10,7614,3,50,even
116,9.696969696969695,0.11280487232644,0.0636514712837813,0.0154835764953615,0.087591091122785,0.113890619974832,0.2360047219787236,0.1015977542665963,0.096335572950491,0.0358781876731478,0.0524401184081911,10_sp_aij_43,2369231,0.1,10,7614,3,50,even
117,10.303030303030305,0.0869347804168989,0.0630631277616955,0.0186093295304184,0.0627407753988278,0.0757195077867783,0.2238695517696966,0.0627867859812452,0.0866583719030582,0.0333447154266288,0.0523240320535496,10_sp_aij_43,2369231,0.1,10,7614,3,50,even
118,10.90909090909091,0.0732230703369341,0.0538861701052316,0.022347464428183,0.0925307525628928,0.0681825704026155,0.222870601416855,0.0909328389198153,0.0771809114508026,0.0316468510349913,0.0570889150375183,10_sp_aij_43,2369231,0.1,10,7614,3,50,even
119,11.515151515151516,0.0731915606366773,0.0663357816564632,0.0221144200046296,0.1145208983661913,0.0780584046331717,0.2256184642759539,0.0843381496236847,0.0797368186582274,0.0373248630432375,0.0778918543644493,10_sp_aij_43,2369231,0.1,10,7614,3,50,even
120,12.12121212121212,0.0798246781360598,0.0597585260420627,0.0233331616826116,0.116917691041399,0.0713531407962803,0.2162505174250837,0.0825805038083182,0.0609567179964307,0.0314346404764635,0.0686741279420583,10_sp_aij_43,2369231,0.1,10,7614,3,50,even
121,12.727272727272728,0.1002945396272238,0.0528684490834188,0.0226462979539902,0.0873042600086168,0.0476058387932565,0.1868180956213631,0.0667573401537111,0.0701803461138166,0.0272564549052716,0.0620421133709171,10_sp_aij_43,2369231,0.1,10,7614,3,50,even
122,13.333333333333334,0.092380924861787,0.0481621446341502,0.0228157712674628,0.0968803684155154,0.0521358944623969,0.1866859207937023,0.0712915302989128,0.076288005112853,0.0338742207652358,0.072283137125983,10_sp_aij_43,2369231,0.1,10,7614,3,50,even
123,13.93939393939394,0.0840744747273582,0.0510841583454826,0.0238020254700432,0.0972893124255927,0.054033909905003,0.2129633506328591,0.0825325744460922,0.077808356593881,0.031753812933259,0.0801214484298833,10_sp_aij_43,2369231,0.1,10,7614,3,50,even
124,14.545454545454549,0.0807973827422796,0.0505798148869136,0.0306997079852774,0.1057497900258354,0.0609306975545731,0.2455049735737629,0.0808888726185828,0.0891704619131555,0.0305145645649307,0.0928246485728608,10_sp_aij_43,2369231,0.1,10,7614,3,50,even
125,15.151515151515152,0.0998452968143117,0.033903047807273,0.0327360743031054,0.1232149550004081,0.0593250337374501,0.2277965795149258,0.0935638344986064,0.1036419389013609,0.0309220392747734,0.0900110531667718,10_sp_aij_43,2369231,0.1,10,7614,3,50,even
126,15.757575757575758,0.082147062231243,0.0322385038548062,0.0327601521568006,0.1222003028811745,0.0442111547422494,0.2019504332215236,0.0832233880207406,0.1211466103710908,0.034062633857606,0.0764047772522062,10_sp_aij_43,2369231,0.1,10,7614,3,50,even
127,16.363636363636363,0.0680648451553698,0.0321691462206119,0.0299641476162228,0.1035691436106157,0.0441780668888276,0.2352243225132098,0.0771529582467771,0.1508028975173794,0.032382187786518,0.0824352878023166,10_sp_aij_43,2369231,0.1,10,7614,3,50,even
128,16.96969696969697,0.0531359138854689,0.0225700379030341,0.0224184668791213,0.1139432248658968,0.0532108966217186,0.248768885508087,0.0757250925345367,0.1223656461564906,0.0269424694983274,0.0850708950972412,10_sp_aij_43,2369231,0.1,10,7614,3,50,even
129,17.575757575757578,0.0513782565877903,0.0168519270164064,0.0202378120085187,0.1129332620575498,0.0687057917574095,0.2179408912239033,0.0845549127555842,0.1113250090219905,0.0272032143251159,0.0835719012412919,10_sp_aij_43,2369231,0.1,10,7614,3,50,even
130,18.181818181818183,0.0556867683205421,0.0196650826839466,0.0146565990269057,0.0954703064788891,0.0607730879624195,0.190775505907616,0.0810135908115144,0.1054961922557612,0.0185449216479402,0.0920329034494784,10_sp_aij_43,2369231,0.1,10,7614,3,50,even
131,18.78787878787879,0.0554782737328423,0.0233384032043064,0.0184496682299444,0.0949596780679769,0.0525304824890128,0.2223201399357471,0.0885223264522133,0.0854760565017655,0.014665877946243,0.1072965243729212,10_sp_aij_43,2369231,0.1,10,7614,3,50,even
132,19.393939393939394,0.0693342426641458,0.0257847328670261,0.0187178434020885,0.0990444777179568,0.0675105950806879,0.2246204514020858,0.0834979545196521,0.0848059673202075,0.0138326013317845,0.117948363857963,10_sp_aij_43,2369231,0.1,10,7614,3,50,even
133,20.0,0.0848521178712429,0.0252516785060758,0.0154419044867328,0.0900150086806696,0.0749011434610429,0.2382237061159669,0.0769270380710559,0.0939893945072925,0.014141027495923,0.1115138561121854,10_sp_aij_43,2369231,0.1,10,7614,3,50,even
134,20.60606060606061,0.0887222978987994,0.0348648164504092,0.0154653063172004,0.0850197211663687,0.0875763727027698,0.2501088560074339,0.1012128328276666,0.0920316232612759,0.0149775211625648,0.1090568601588821,10_sp_aij_43,2369231,0.1,10,7614,3,50,even
135,21.21212121212121,0.0628435323765053,0.0322388744563524,0.0174025258575792,0.0834006160066767,0.0687621271402895,0.2066630591913925,0.090530481415116,0.1016075251450412,0.01430590642914,0.0933903724834223,10_sp_aij_43,2369231,0.1,10,7614,3,50,even
136,21.81818181818182,0.067173640057091,0.0351836480114986,0.0225413452479437,0.0928463941933519,0.067604622837819,0.2219456299034138,0.0935213548814925,0.1131070728466461,0.0131937862190509,0.0966890607920509,10_sp_aij_43,2369231,0.1,10,7614,3,50,even
137,22.424242424242426,0.0557815335226105,0.0347039950517901,0.021751206866958,0.1351913851647651,0.0926078968434816,0.174143550341855,0.0996124574387302,0.1119764721668053,0.014174905380417,0.0835791042940365,10_sp_aij_43,2369231,0.1,10,7614,3,50,even
138,23.03030303030303,0.0627789616195867,0.0395626234995083,0.0182637994163567,0.1542747237122365,0.1057438014381169,0.2098372155798813,0.0993922345924775,0.1153681205079854,0.0197073953207403,0.0664445231511548,10_sp_aij_43,2369231,0.1,10,7614,3,50,even
139,23.63636363636364,0.0760556353772788,0.041001999900117,0.0235612534261008,0.1446383180397271,0.104979516349689,0.200011296978696,0.0974851754101915,0.0990074253177695,0.0256739187584896,0.0571885188913719,10_sp_aij_43,2369231,0.1,10,7614,3,50,even
140,24.24242424242424,0.0874488410577018,0.0388717371015569,0.017728078510974,0.1088533171830724,0.1063222780414817,0.2246073544085724,0.1021943089018135,0.098899714549759,0.0267971859440677,0.0669646564268781,10_sp_aij_43,2369231,0.1,10,7614,3,50,even
141,24.848484848484848,0.0782218396702398,0.0338444802613352,0.0151684565803538,0.1207865791713901,0.1051515949205848,0.2065000589997724,0.0961450818430953,0.1175343902630898,0.0283028968757428,0.0748348140066723,10_sp_aij_43,2369231,0.1,10,7614,3,50,even
142,25.454545454545457,0.0695182922422488,0.0314391411696344,0.0154391967750109,0.096493585805274,0.0888030182503507,0.1720756053654404,0.078673638751502,0.1010853974104654,0.0254872980950536,0.0754286264215058,10_sp_aij_43,2369231,0.1,10,7614,3,50,even
143,26.060606060606062,0.0554724842513746,0.0296031768238244,0.0139507935675815,0.0950392376575639,0.0877544510888814,0.1734266146447416,0.0855822484486342,0.0972935139366088,0.028886089589722,0.0700354372415797,10_sp_aij_43,2369231,0.1,10,7614,3,50,even
144,26.666666666666668,0.0729572881545016,0.0266192659363647,0.0167119078336131,0.078889208828369,0.083067117962795,0.18140282161659,0.1112616457066515,0.0944669498653367,0.028847562992391,0.0961431326846973,10_sp_aij_43,2369231,0.1,10,7614,3,50,even
145,27.272727272727277,0.0620597253721131,0.0298495549171372,0.0143831419768992,0.0820095765587405,0.0788710322179315,0.1778032034511145,0.1230852115384145,0.0930656336505758,0.0315763947261882,0.1052084842906981,10_sp_aij_43,2369231,0.1,10,7614,3,50,even
146,27.87878787878788,0.0658447249470932,0.0287848822043002,0.0150042761698813,0.0759412873518393,0.080826478232688,0.1456607937973728,0.120101382959467,0.0926088518178211,0.0239775954401015,0.1221758815947452,10_sp_aij_43,2369231,0.1,10,7614,3,50,even
147,28.484848484848484,0.0818177694962583,0.0302528871602492,0.0116709245630799,0.0834856874577319,0.0955307005600834,0.1441229711660284,0.116156418427218,0.1037898800824843,0.023922871093638,0.0874156574412813,10_sp_aij_43,2369231,0.1,10,7614,3,50,even
148,29.090909090909093,0.0873942786981986,0.0356929747981144,0.0131701264350957,0.0895398170520859,0.0978430184685421,0.1603646516669822,0.0976339962899445,0.088582868525667,0.0207645994760666,0.0866780869985426,10_sp_aij_43,2369231,0.1,10,7614,3,50,even
149,30.0,0.1164210752576435,0.0223276633824878,0.0103988895102404,0.0966873780673501,0.094781984509482,0.1774574537195471,0.1007705149480993,0.0948719437260011,0.0213713890464018,0.1176630881214172,10_sp_aij_43,2369231,0.1,10,7614,3,50,even
